,0,cluster
0,එදා වගෙ තමයි අදත් අහනවා මුල් ගායනය ඇත්තටම ලස්සනයි අනිත් කලාකරුවනුත් ලස්සනයි red_heartred_heart,10
1,මගේ හිතට වැදුනු කොපමන ඇහුවත් එපා නොවන ඒකාලේ ඉදන් අහන සිංදුවක් තමයිsmiling_face_with_smiling_eyesred_heartred_heartred_heartred_heartred_heartred_heartred_heart,10
2,මෙවැනි රසවත් අර්තවත් ගීතයක් සමාජ ගතකලාට සමන්ත කෝනාර මහතාට මගෙන් උපහාරred_heartred_heartred_heartred_heartred_heart,10
3,ගොඩක් ලස්සනයි මැණික ඔයාගෙ පුතාගෙ ගායනය භාවනාවක් වගේ ජයවේවා බුදු සරණයි red_heartred_heart,10
4,ඇත්තටම ගොඩාක් ලස්සනයred_heartred_heartred_heart,10
5,ගිමිහානයේ පාවෙලා යන්න කැමතිද  මං ආසයිred_heartred_heartred_heartred_heartred_heartred_heartred_heartred_heartred_heartred_heart,10
6,රදිශ් අයියේ ඔයා හරිම පිං වන්තයිred_heartred_heartred_heart,10
7,ඇබ්බැහි වෙන සිංදුවක් red_heart,10
8,ඇත්තමයි අක්කා ගොඩක් ලස්සනට සිංදු ව කියනවා අක්කා අහන් ඉන්න ආසයි අක්කා එතරම් ගොඩක් ලස්සනයි red_heartred_heartred_heartface_blowing_a_kissface_blowing_a_kissface_blowing_a_kissthumbs_upthumbs_upthumbs_upsmiling_face_with_hearteyessmiling_face_with_hearteyessmiling_face_with_hearteyes,10
9,අනේ මගේත් ලොකුම ලොකු හීනයක් අක්කෙ ගායිකාවක් වෙන එක  මගේ  අම්මගේත් ලොකු හීනයක් මාව ගායිකාවක් කරන එකමම ඒක කොහොම හරි කරනවා අම්මව සතුටු කරවනව heart_suitsmiling_face_with_open_hands,10
10,නියමයි කියන්න වචන නෑ sparkling_heartsparkling_heartsparkling_heartsparkling_heartsparkling_heartsparkling_heartsparkling_heartsparkling_heartsparkling_heartsparkling_heartsparkling_heartsparkling_heartsparkling_heart,10
11,ආදරයෙන් මත් උන ඒ ඔබේ දෙඈසට මන් ආදරෙයි සිහිනයෙන් හෝ ඔබට පෙම් කරමි  මේ බවේ මා තනිවෙලා  red_heartred_heartred_heart,10
12,ලස්සනයි red_heart,9
13,හරිම ලස්සනයි අක්කි red_heartred_heart,9
14,කොච්චර ඇහුවත් එපා නම් වෙන්නැ  smiling_face_with_hearteyessmiling_face_with_hearteyes,10
15,ලස්සනයි  දෙන්නම අලුත්  වැඩ  කරාව් තවred_heartred_heartred_heartred_heartred_heartred_heart,10
16,නිහතමානි කලාකරුවන් දෙදෙනෙක් සමන්ත අයියයි රදීශ් අයියයි දකින්න ආස කතා කරන්න ආස කලාකාරුවෙක් රදීශ් අයියා කියන්නෙ බොහොම ස්තූතියි මෙ නන්ගි වෙනුවෙන් නිහතමානීව මේ කල කටයුත්තට red_heart,10
17,ඉස්සර පැල් බැඳගෙන අහපු සිංදු තමා smiling_face_with_hearteyes,10
18,පට්ට පට්ට සුපිරියක් හොදෙ sparkling_heartsparkling_heart,10
19,මුල් ගායකය ඇතුලු සියලුම දෙනාට තෙරුවන් සරණයිfolded_hands,10
20,ලස්සනයි red_heartred_heartred_heartsmiling_face_with_smiling_eyes,9
21, හරිම ලස්සනයි red_heartred_heartred_heartheart_suitsmiling_face_with_hearts,9
22,මේක නම් තනිකරම පිස්සුවක් red_heartred_heart,10
23,නැවත නැවත නැවතත් අසමිred_heartred_heartred_heart,10
24,හරිම පැහැදිලි හඩthumbs_upheart_suit,10
25,භාවනාවක් වගේ red_heart,10
26,ලස්සන යි අනේ මේ වගෙ ලස්සන සිංදු කියන්න දෙන්නා එක්ක හිතද වදින ලස්සන කැලි ට්ක සිංදු  පරිස්සම්න් ඉන්නred_heartred_heartred_heartred_heartred_heartred_heartred_heartred_heartred_heartred_heart,10
27,නියමයි රදීෂ් අයියේ ලස්සන සින්දුවක් ඇබ්බැහි උනා මේකටනම් red_heartred_heartglowing_stargrinning_face_with_big_eyes,10
28,මේ වගේ අපේ පැරණි ගීත මේ වගේ දක්ෂ මැණික් ලව්වා ගායනා කරව්වොත් මේ වගේ ගීත තව කාලයක් ජනතාව වැලදගනීවී smiling_face,10
29,භාවනාවක් වැනිය එ තරමට ලස්සනයි red_heart,9
30,අම්මෝ මේක නම් පිස්සුවක්grinning_facered_heart,10
31,රදීෂ වැඩි පෙන්න නැ රගන් නැ ඉදල ඉදලා දෙනවා ඇඩ්රස් නැති වෙන්න එකක් ඉතින්udred_heart,10
32,ලස්සනයි එ සිංදුව red_heart,9
33,ඒකනම් පිස්සුවක් ආ රදිෂ් වැන්දබෝනා මියුසික් ලස්සනයි සින්දුවම ලස්සනට ගායනා කරනවා red_heartred_heartfire,10
34,පට්ට මේක නම් භාවනාවක්  අක්කගේ කටහඩ නම් භාවනාවක් ආදරෙයි සින්දුවට පැලෙන්න smiling_face_with_heartssmiling_face_with_heartssmiling_face_with_heartssmiling_face_with_heartssmiling_face_with_heartssmiling_face_with_heartssmiling_face_with_heartssmiling_face_with_heartsface_blowing_a_kiss,10
35,ලස්සන වැඩක්නියමයිඉදිරියට යන්න සුබ පතනව සහෝදරීfolded_handsfolded_handsred_heartred_heartface_blowing_a_kiss,10
36,නිහතමානී ගායකයොrelieved_facered_heart,10
37,හරිම ලස්සනයි red_heartred_heart,9
38,සිය පරට වඩා ඇහුවා ඒත් එපා වෙන්නෙ නෑ smiling_face_with_smiling_eyes,10
39,නියම වැඩක් red_heartred_heartred_heartred_heart,10
40,වෙන කෙනෙක් නම් නඩු දාලා හරිම අඩම්බරයි මුල් ගායකයා ගැන තමන්ගේ සින්දුව  කියනවා දැකලා සතුටු වෙන එකම  ඇතිමේකයි නියම ගුරුවරයෙක්ගේ ලක්සනයදෙපලටම සුබ පතනවාතවත් ලස්සන සින්දුවක් දෙන්න අහන්න අසා හිතෙනred_heart,10
41,නියමයි  ඉස්සරහට මේ වගේ වැඩ තවත් ඕනේred_heartred_heart,10
42,ඹයා  ලස්සනයි සුන්දරයි red_heartsmiling_face_with_smiling_eyes,9
43,ලස්සනයි මැණිකේ grinning_face_with_sweatred_heartred_heart,9
44,ගොඩක් ලස්සනයි red_heartred_heartred_heart,9
45,කෙල්ලගෙ කටහඩට ආස කට්ටිය කොකොpurple_heartpurple_heart,10
46,ලස්සනයි red_heartred_heartred_heartbouquetbouquetthumbs_up,9
47,අතීතය අමතක නොකර වර්තමානය නිර්මාණය කිරීමසාර්ථකයිරටටම ආදර්ශයක් smiling_face_with_open_handssmiling_face_with_open_handssmiling_face_with_open_handssmiling_face_with_open_handssmiling_face_with_open_handssmiling_face_with_open_handsparty_popper,10
48,කොච්චර ඇහුවත් එපා වෙන්නේ නැති ලස්සන කටහඬවල් දෙකක් හරිම ලස්සනයිthumbs_upthumbs_upsparkling_heartsparkling_heart,9
49,ලස්සන යි අක්කා සිංදු වcrying_face,10
50,හරීම සංවේදී ගායනයක් ඇති ගීතයක්මේ දියණිය තවත් හිත් අස්සට කාවදින අයුරින් ගායනා කලා අපූරුයී මුල් ගායකයා සහ දැන් ගායිකාවත් ගායනයරදීෂ් වැන්දබෝනා සහෝදරයා ඇතුළු සැමටම ස්තූතියී අපට මෙවැනි ලස්සන නිර්මාණ ලබා දෙනවාට ආදරෙයී ජයවේවා  red_heartred_heartred_heartred_heartparty_popperparty_popperparty_popperparty_popper,10
51,ඇත්තටම ලස්සනයි සින්දුව හරිම අපූරු කටහඩක් ඔයාට තීන්නෙ අනන්තෙන් ආ   තරු කුමරා එකෙන් ඔයාව දැනගත්තෙ ඉස්සෙල්ලමgrowing_heartgrowing_heart,10
52,පට්ට ලස්සනයි  කටහඩ සුපිරි red_heartred_heart,10
53,මරැ අක්කියෝ ආදරෙයි red_heartred_heartred_heartred_heartred_heartred_heartred_heartred_heartred_heartred_heartred_heartred_heartred_heartred_heartred_heartred_heartred_heartred_heartred_heart,10
54,අනේ නියමයි  පරිස්සමෙන්red_heartred_heartred_heartred_heartred_heartred_heart,10
55,ඒ වොයිස් දෙකනම් පිස්සුවක් red_heartsmiling_face_with_hearts,10
56,ගිම්හානී crying_facered_heart,10
57,මාර ලස්සනයි සින්දුව කොච්චර ඇහුවත් එපා වෙන්නේ නැහැමාරම ලස්සන කටහඩක්red_heartred_heartred_heartred_heart,10
58,කොච්චර ඇහුවත් එපා වෙන්නේ නැහැ දෙයියනේ crying_facecrying_facecrying_facecrying_face,10
59,ලන්කාවේ මිනිස්සු හරි හොදයි බන් වුන් කුහක නෑsleepy_face,10
60,පෙර සංසාරේත් ඔබමයි මා හැර ගියේupsidedown_face,10
61,හරිම ලස්සනයිred_heartred_heartred_heart,9
62,හරිම ආදරණීයයි  වොයිස් එකත් එහෙමයිred_heart,10
63,ඔයාව දැක්කම මතක්  උනේ ශ්රී දේවිගෙ තරුණ කාලෙ හඩත් රුවත් දෙකම ලස්සනයි udsmiling_face_with_smiling_eyessmiling_face_with_smiling_eyessmiling_face_with_smiling_eyes,10
64,ඒක නියමයි රදීශ් අයියේ red_heartraising_hands,10
65,රදීෂ් කියන්නේ සුපිරි වැඩ්ඩෙක් ඔයා ඒ උනාට සින්දු කරා මදි වගේ මටනම් තව හොද දේවල් බලාපොරොත්තු වෙනවාred_heartsmiling_face_with_hearts,10
66,සුපිරි red_heartcherry_blossom,10
67,සින්දුවේ මුල් අයිතිකාරයත් ඉන්න නිසා සින්දුවට ලොකු වටිනාකමක් තියෙනවා red_heartflexed_biceps,10
68,ඇත්තටම කියන්න වචන නෑ මාරම ලස්සනයි  ඒ කටහඬ භාවනාවක් බුදු සරණයි folded_handsfolded_hands,10
69,පලවෙනි පාර ඇහුවට පස්සේ එක ඔලුවෙන් යන්නේ නෑනේ මන් දැන් මොකද කරන්නේ සහෝ person_gesturing_person_gesturing_person_gesturing_,10
70,හරි ම ලස්සනයිpleading_face,9
71,රදීෂ් වැන්දබෝනගේ කටහඩ නම් භාවනාවක් වගේ මගේ ආසම ගායකයා red_heartred_heartred_heartred_heartred_heart,10
72,සිත නිවන භාවනාවක් වගෙ face_blowing_a_kisskissing_face_with_smiling_eyeskissing_face_with_closed_eyessmiling_face_with_hearteyesred_heartheart_decorationtwo_heartsblack_heartgreen_heartrevolving_heartssparkling_heartyellow_heartblue_heartheart_with_ribbonpurple_heartlove_letterhundred_pointssweat_dropletshundred_pointshundred_pointshundred_pointshundred_pointssweat_dropletssweat_droplets,10
73,සුපිරියක් _hand,10
74,ලස්සනයි    නංගී   victory_handvictory_handvictory_handvictory_handloveyou_gestureloveyou_gestureloveyou_gestureclapping_handsclapping_handsclapping_handsclapping_handsmusical_notemusical_notemusical_notemusical_notemusical_notered_heartred_heartred_heartred_heartred_heartred_heartred_heartface_blowing_a_kissface_blowing_a_kissface_blowing_a_kissface_blowing_a_kissface_blowing_a_kissface_blowing_a_kisssmiling_face_with_hearteyessmiling_face_with_hearteyessmiling_face_with_hearteyesface_blowing_a_kissface_blowing_a_kissrevolving_heartsrevolving_heartsrevolving_heartsrevolving_heartsrevolving_heartsrevolving_heartsrevolving_heartstwo_heartstwo_heartstwo_heartstwo_heartstwo_heartstwo_heartstwo_heartstwo_heartstwo_heartstwo_heartstwo_hearts,9
75,භාවනාවක් pensive_faceheart_with_ribbon,10
76,චූටි නංගිත් හරිම ලස්සනයි කටහඬත් ලස්සනයි red_heart,9
77,භාවනාවක් red_heartsmiling_face_with_hearteyes,10
78,ඒ කටහඬ smiling_face_with_hearteyes,7
79,සුපිරි red_heartred_heartred_heartred_heartred_heartred_heartred_heartthumbs_upthumbs_upthumbs_upthumbs_up,10
80,මේකනම් මාරම ලස්සනයීtwo_heartstwo_hearts,9
81,සමන්ත අය්යගේ තරු පිපෙන රැයේ ඇල්බම් එක අදටත් අහනවාරැල්ලට නොයෙන සැබෑම දක්ෂයෝred_heartred_heartred_heartred_heart,10
82,රදිශ් අයියා ඒක පට්ට red_heart,10
83,වාසී red_heart,10
84,මනෝ පාරකට තවත් සුපිරියක් red_heart,10
85,හරිම ලස්සනයි  red_heartrelieved_facerelieved_facerelieved_facered_heart,9
86,හිතට ආදරයක් වැදිච්ච සිංදුවක්red_heartred_heartred_heart,10
87,අර මුලින්ම කියපු එක ලස්සනයි මේකට වඩාunamused_facebroken_heart,10
88,ඒ කාලේ ආසම සිංදුවක්red_heartred_heartred_heart,10
89,මේක නම් මාරම ලස්සනයි කී වතාවක් ඇහුවද දන්නෙ නෑ අහන්න අහන්න ආසයිsmiling_face_with_hearteyesred_heartclapping_hands,10
90, ලස්සනයි වොයිස් එක් නම් ඇස්වහාක්නම් වදින්න එපා දෙයියනේ මේ දුවට ජේසූ පිහිටයි දුව red_heartred_heartred_heartred_heartred_heartred_heartred_heartfolded_handsfolded_handsfolded_handsthumbs_upthumbs_upthumbs_upthumbs_upcrowncrowncrown,10
91,ඇබ්බැහි වෙන සුළුයි හිරිගඩු පිපෙනවා ඒ තරමටම ලස්සනයි_handface_blowing_a_kisshibiscusmicrophonemusical_notespeaker_high_volumeguitarmusical_notes,10
92,අක්කේ  මේ සිංදවනන්  හරිම ලස්සනයි  මමමේකටනන්  ගොඩක්  අසයිsmiling_face_with_hearteyessmiling_face_with_hearteyessmiling_face_with_hearteyessmiling_face_with_hearteyessmiling_face_with_hearteyesface_blowing_a_kissface_blowing_a_kisssparkling_heartsparkling_heartsparkling_heartsparkling_heartsparkling_heartsparkling_heartsparkling_heartsparkling_heart,9
93,කාලේකට පස්සේ දැකපු නිහතමානීම කලාකරුවන් කීප දෙනෙකුගේ එකතුවකින් නිමවුනුභාවනාවක් වගේ ගීතයක් ඔයාලා හැමෝටම දිගු  ගමනකට හදවතින්ම සුභ පතනවාred_heartred_heartred_heart,10
94,ලස්සන වැඩක්  ජය වේවා green_heartraising_hands,10
95,නවකයන්ට අත දෙන මෙහෙම චරිත මාරම වටිනව handshakesmiling_face_with_hearteyes,10
96,හරිම ලස්සනයි රදීෂ් අයියේඒ වෙනසනම් මාරයිred_heartred_heartred_heartred_heartred_heartred_heartred_heart,9
97,මාර ලස්සනයී red_heart,9
98,මම මුකුත්ම කියන්නෙ නැ ඒ තරම් ලස්සනයි red_heartred_heartred_heartred_heartred_heartred_heart,10
99,රදීශ්ගෙ මියුසික් red_heart,10
100,ලස්සනයි    red_heartred_heartred_heartred_heartred_heartred_heart,9
101,ඇත්තටම හරිම ලස්සනයි  කට හඩවල් දෙකම භාවනාවක් වගේ  සුභ පැතුම් වැඩේට දායක වුණු හැමෝටමred_heartred_heartred_heartred_heartred_heartred_heartred_heartred_heart,10
102,ගොඩාක්ම ලස්සනයි හැමදේම ස්තූතියිsmiling_face_with_smiling_eyessmiling_face_with_smiling_eyes,9
103,අයිය කියන ටිකත් මාර ලස්සනයි  red_heart,10
104,පවසන්න  මගේ  සෙනෙහෙ ඇයි මදි  උනේ rose,10
105,හැමෝටම ආදර්ශයක් red_heartred_heartred_heart,10
106,මාරම ලස්සනයි කොච්චර ඇහුවත් එපා වෙන්නෑ මේ සිංදුව කියන නංගිට වගේම හොඳ හිතින් සිංදුව තව කෙනෙක්ට ගායනා කරන්න දුන්න ඒ අසාහාය නිහතමානී කලාකරැවට ජය බුදුසරණයිflexed_bicepsred_heartfolded_hands,10
107,නිහතමානී ගායකයෙක් සහ දක්ශ ගායිකාවක් දෙන්නටම සුබ පතවා smiling_face_with_hearteyessmiling_face_with_hearteyessmiling_face_with_hearteyes,10
108,මේක මිලියන  කරමු ගයිස් red_heartsmiling_face_with_smiling_eyes,10
109,ලස්සනයි කටහඬ අනාගතේට සුබ පැතුම්  ඉගිල්ලෙන්න පරෙස්සමින් සුලං කෝඩ එමටred_heart,10
110,හරිම ලස්සනයි red_heart,9
111,රදීශ්  ආදරෙයි ගොඩාක්smiling_face_with_hearteyessmiling_face_with_hearteyessmiling_face_with_hearteyesyellow_heartyellow_heart,10
112,රදිශ් අයියා කොහොමත් වෙනසක් කරනවාම තමයි ජයවේවාred_heart,10
113,කෝනරා දුන්න ෆීල් වොයිස් එකනම් නෑ ඉතිම් ඒත් ලස්සනයි grinning_face,10
114,මුල් ගායනය වගේම මේ ගායනයත් පුදුම තරම් ලස්සනයි red_heartyellow_heart,10
115,එකනම් පිස්සුවක් smiling_face_with_hearteyes,7
116,ඉතාමත් විශිෂ්ට නිර්මාණයක් පද රචනය ගායනයතනු නිර්මාණයත් ඒ වගේමයි සුබ පැතුම් සියලු දෙනාටම red_heartred_heart,10
117,ලස්සනයි ලස්සනයි අක්කි red_heartred_heartred_heart,9
118,සිංදු වලට මරා ගන්න කාලෙකමේ සුසංයෝගයred_heart,10
119,රිවස්ටන් අපේ ගමේred_heartred_heartparty_popper,10
120,නියමයිමාරම ලස්සන කටහඩවල් දෙකක්red_heartred_heartred_heartred_heartred_heartred_heart,10
121,නිහතමානී ගායකයෝred_heart,10
122,ලස්සනයි musical_notesheadphonered_heart,9
123,හරිම ආඩම්බරයි ඔබ තුමා ගැන ලස්සනයි   හරිම ම්හිරියි සුබ පැතුම් දියනිය තවත් නිර්මාණ කරන්න දිරිය ලැබෙවා heart_suit,10
124,අපේ යුගයේ වැඩ්ඩා  රදීශ් වැන්දබෝනා red_heartred_heart,10
125,නිර්මාණයට දායක උනු හැමෝටම සුබ පතනවාred_heart,10
126,ලබන ආත්මෙක හරි ඔයා මගේ වේවාface_holding_back_tearsheart_hands,10
127,අමතක නොවන ලස්සන ගීත වලට අලුතින් පණ ගත්තට හුගක් ස්තූතී  පට්ට වොයිස් එකක් අක්කේ red_heartparty_popperred_heartred_heart,10
128,ආසම සින්දුවක්smiling_face_with_hearteyessmiling_face_with_hearteyesred_heartred_heartred_heartred_heart,10
129,ලස්සනයි full_moon_facesmiling_face_with_hearteyes,9
130,කොච්චර ඇහුවත් එපා වෙන් නෑ  වෙනම ලෝකෙකට අරන් යනවා වගේ ඇස් පියන් අහනකොට red_heartsmiling_facesmiling_face_with_smiling_eyes,10
131,දැන් ආසම සින්දුව වෙලාහැම වෙලාවෙම මිමිනෙනවා මටනම්smiling_face_with_smiling_eyessmiling_face_with_smiling_eyes,10
132,එකනම් බාවනාවක්smiling_face_with_hearteyessmiling_face_with_hearteyesfolded_hands,10
133,පට්ට ලස්සනයි heart_suit,9
134,එයාගෙ හැඩred_heart,10
135,මියුසික් නෙක්ස්ට් ලෙවල් අහන්න දෙයක් නෑනෙ ඉතින් රදීශ් අයියගෙ වැඩක්නෙ ඒ වොයිස් එකත් පට්ට  රදීශ් අයියෙ ඔයාගෙ වැඩ වල පිස්සු හැදෙන රසිකයෙක් මන් red_heartfolded_handsred_heart,10
136,හරිම ලස්සනයිදහපාරක් ඇහුවත් එපා වෙන්නෙ නෑහිතට දැනෙන්නම කරලා තියෙනවාතවත් මේ වගේ නිර්මාණ ඕනred_heartred_heartred_heart,10
137,ඇත්තම කලාවසංගීතේ කියන්නෙ මේකට  හැම දේකටම වාණිජ වටිනාකමක් තියෙනවඉතින් මේ වගේ  මලයි කොලයි ගහයි ඔක්කොම නොතලා රොන් ගන්න දක්ශ වෙන්න ඕනිred_heartred_heart,10
138,සුපිරියක් musical_notesmusical_notes,10
139,මරු backhand_index_pointing_upbackhand_index_pointing_upbackhand_index_pointing_up,10
140,අහපු ලස්සන සින්දුවක් ආයිමත් අලුත් විදිහට අහනකොටheart_on_fire,10
141,සමන්ත කෝනාරගේ අලුත් සින්දුවක් ඕනී smiling_face_with_heartssmiling_face_with_hearteyes,10
142,ලස්සනයි ගොඩක් red_heartred_heartred_heartred_heart,9
143,නියමයි සමන්ත අයියා red_heart,10
144,මේ විශුවල් එක කරන්න ගොඩක් මහන්සි වෙලා තිබ්බා මං දැක්කා වැස්සේ තෙමීගෙන ගොඩක් මහන්සි වෙලා කරපු මේ වැඩේ ඇත්තටම ලස්සනයීred_heartleaf_fluttering_in_wind,10
145,භාවනාවක් sparkling_heart,10
146,සින්දුව කියන අක්කා ලස්සනයිsmiling_face_with_smiling_eyes,9
147,හැමෝම දන්නේ නැතුව ඇති මේ සිංදුවේ පද රචනයත් සමන්ත කෝනාර අයියම තමා කරලා තියෙන්නේred_heartred_heart,10
148,ඒ අහිංසකම ඒ කට හඩ හරිම ලසන්නයි red_heartred_heartred_heartred_heart,10
149,ඒත් බැලුවා ලස්සන තේරුමක් තියෙන මේ වගේ සිංදුවක් මේ කාලෙදි කරේ කොහොමද කියලා බලද්දි පරණ එකක් සුපිරි  මේ සිංදුව red_heart,10
150,ලස්සනයි අක්කි smiling_face_with_heartssmiling_face_with_heartssmiling_face_with_hearts,9
151,ඒ වොයිස් එක නම් සුපිරීයක් red_heart,10
152,මාරම ලස්සනක් අය්යා red_heartred_heartred_heart,10
153,ඒක මරු  smiling_face_with_heartssunflowersunflowersunflowerherbherb,10
154,කියන්න දෙයක් නෑඑලම තමයිred_heart,10
155,ලොකු ගමනක් තියන කෙල්ලෙක්  ජයloveyou_gestureblack_heart,10
156,ලස්සනයි ලස්සනයි ලස්සනයි red_heartred_heartred_heartred_heartred_heartred_heartsun_with_facefolded_handsfolded_handsfolded_hands,9
157,ලස්සනයි   නංගී    ආදර්   red_heartred_heartred_heartred_heartred_heartsmiling_face_with_hearteyessmiling_face_with_hearteyessmiling_face_with_hearteyessmiling_face_with_hearteyessmiling_face_with_hearteyessmiling_face_with_hearteyessmiling_face_with_hearteyesface_blowing_a_kissface_blowing_a_kissface_blowing_a_kissface_blowing_a_kissface_blowing_a_kissheadphoneheadphoneheadphoneheadphoneheadphoneheadphonemusical_notemusical_notemusical_notemusical_notemusical_notemusical_notemusical_notesmusical_notesmusical_notesmusical_notesmusical_notesmusical_notesmusical_notesmusical_notesmusical_keyboardmusical_keyboardmusical_keyboardmusical_keyboardmusical_keyboardmusical_keyboardmusical_keyboardvictory_handvictory_handvictory_handvictory_handvictory_handclapping_handsclapping_handsclapping_handsclapping_handsclapping_handsclapping_handsclapping_handsclapping_handsclapping_handsclapping_handsclapping_handsloveyou_gestureloveyou_gestureloveyou_gestureloveyou_gestureloveyou_gestureloveyou_gestureloveyou_gestureloveyou_gesturetwo_heartstwo_heartstwo_heartstwo_heartsface_blowing_a_kissface_blowing_a_kissrevolving_heartsrevolving_heartsrevolving_heartsrevolving_heartsrevolving_heartsrevolving_heartsrevolving_heartsrevolving_heartsrevolving_heartsrevolving_heartsrevolving_heartsrevolving_heartssmiling_face_with_hearteyessmiling_face_with_hearteyessmiling_face_with_hearteyesface_blowing_a_kissface_blowing_a_kissface_blowing_a_kissred_heartred_heartred_heartred_heartred_heartred_heartmusical_notemusical_notemusical_notemusical_notemusical_notesmusical_notesmusical_notesthumbs_upthumbs_upthumbs_upthumbs_upvictory_handvictory_handvictory_handfolded_handsclapping_handsclapping_handsclapping_handsloveyou_gestureloveyou_gestureloveyou_gestureheadphoneheadphoneheadphoneheadphoneheadphone,9
158,නිහතමානීකමට ආදරෙයි yellow_heart,10
159,මගේ ආසම ගායකයා තමයි මේ ඉන්නෙරදීශ් වැන්දබෝනාරෙස්පෙක්ට් අයියෙඇත්තටම මේකනම් භාවනාවක් වගේපුදුම ලස්සනයි red_heartred_heartred_heart,10
160,ලස්සනයි red_heartparty_popper,9
161,කියන්න වචන නැ එ් තරම් ලස්සනයිheart_suitsmiling_face_with_hearteyes,10
162,හරිම ලස්සන කටහඩක් මුල් ගායකයාට පින්සිද්දවෙයි ඔබ වැනි කලාකරුන් දකින්න ලැබීමත් සතුටක්face_blowing_a_kissface_blowing_a_kiss,10
163,මාතලේ රිවස්ටන් නෙද මෙක ගත්තේ smiling_face_with_hearteyesred_heart,10
164,ගොඩක් ලස්සනයි red_heartred_heart,9
165,එල මොනවා උනත් ඔරිජිනල් වොයිස් එක ඇහෙද්දී අතීතෙට යනවා thumbs_up,10
166,සමන්ත අයියා  රදීශ් අයිය්යා මාර ලස්සන වැඩක්smiling_face_with_hearteyesspeaknoevil_monkeyblack_heart,10
167,ගිම්හානයේ පාවෙලා   red_heartred_heartred_heartred_heart,10
168,එක පාරටම කෝනාර අයියගෙ හඩ ඇහෙද්දි ඇගෙ මයිල් කෙලින් උනා වගෙ red_heart,10
169,ලස්සනයි දෙයියනේ pleading_facepleading_facepleading_facered_heart,9
170,මුල් ගයකයව අමතක නොකලඑකනම් ඇත්තටම සතුටුයි  ඔබට සුබ පැතුම්  සහෝදරිය  thumbs_upthumbs_up,10
171,අහන්න අහන්න ආස  හිතෙනවා red_heart,10
172,ඒ නිහතමානී ගායකයාට ස්තුතිය  folded_handsfolded_handsfolded_hands,10
173,ඒ කාලේ ඉදන්ම ආස සින්දුවක්red_heart,10
174,විශිෂ්ටයි red_heartred_heart,10
175,හරිම සනීපයි ඒ කටහඬ sunflowerred_heart,10
176,ගොඩාක් ලස්සනයිred_heartred_heartred_heart,9
177,මුල් ගායකයගෙ නිහතමානී බවත් ජෙනීගෙ දක්ශතාවයත් ඉහලින්ම අගය කරමිred_heartred_heart,10
178,වාරු අරන් එන්ඩ relieved_face,10
179,ඒ වොයිස් එක බාවනවක් smiling_face_with_hearteyessmiling_face_with_hearteyesface_blowing_a_kiss,10
180,මරු red_heart,10
181,අපි එදත් ඇහුවා අදත් අහනවා ඒ ගීත අමරනීයයි red_heartmusical_notegrowing_heart,10
182,ගායනය නම් නියමයි  ඉදිරියටත් මේ වගේ නිර්මාණ කරන්න හැකියාව ලැබේවාred_heartheadphone,10
183,අඩම්බර මිනිස්සු අතරෙ අයියා නිහත මානි සුපිරි හදවතක් red_heart,10
184,ඇස්වලට කදුලු එන ලස්සන වැඩක් pleading_facered_heart,10
185, ලස්සනය වැඩක්  _handred_heartmusical_notes,9
186,අවුරුදු  ඉස්සෙල්ලා අහපු අය කෝ බලන්නpushpinsmiling_face_with_hearteyesred_heartthumbs_upthumbs_upthumbs_upthumbs_upthumbs_up,10
187,සුපර් smiling_face_with_heartssmiling_face_with_hearteyessmiling_face_with_hearteyesred_heart_hand,10
188,නිහතමානී ගායකයෙක් දක්ෂ ගායිකාව වෙන්න දිගු ගමනක් යන්න ලැබේවාsparkling_heart,10
189,අහපු ලස්සනම ගීතයක් නැවත වරක් නව තාවයකින් අහන්න ලැබීම ගොඩක් සතුටක් මෙන්න නිහතමානී කලාකරුවන් සියලුම දෙනාට සුභ පතනවා red_heartred_heart,10
190,සිංදුවේ ලස්සන වගේම ඒ නිර්මාණය පුරාම තියෙන්නේ හරි ලෙංගතු බවක්ලස්සන මිනිස්සුred_heartred_heartred_heart,10
191,හරිම ලස්සන සින්දුවක් red_heart,10
192,ආසම සිංදුවක් pleading_facered_heart,10
193,නිහතමානී ගායකයාට ජය වේවා red_heart,10
194,සුපිරිම වැඩක් red_heart,10
195,වැඩේ නම් මරු red_heart,10
196,පුදුම ලස්සන කටහඬ ද්විත්වයක්ගොඩක් ආසා කරපු ගීතයක් මේ විදියට නැවත අහන්න ලැබීම සතුටුයි relieved_facerelieved_face,10
197,හරිම ලස්සනයි කොච්චර ඇහුවත් එපා වෙන්නේ නැ පිස්සුවක් ඒ හඩred_heart,10
198,සමන්ත කෝනාර කියන චරිතය ගැන ආඩම්බරයි තමන්ගෙ ගීත වෙනත් අයට ගායනා කරන්න අවස්ථාව දෙනවා වගේම ඒවා සමාජ මාධ්යවල මුදාහැරීමට අවස්ථාව ලබාදෙන ගායකයො හරිම අඩුයි  සුපිරි වැඩක්udred_heartred_heart,10
199,තමන්ගේ ගීයක් මේ විදිහට ගයන්න නවක ගායිකාවකට අතහිත දුන් විරල කලාකරුවාණෙනි ඔබට මගේ ආචාරය මේ ගීතයට ජාත්යන්තරයද ජයගැනීමට හැකිවේවායි හදවතින්ම පතමි udred_heartred_heartred_heart,10
200,මරැ ඈred_heartpleading_face,10
201,ලස්සනයි heart_on_fireheart_on_fireheart_on_fire,9
202,භාවනාවක් growing_heartpleading_face,10
203, අහන්න හරි  ම ආසයිsmiling_face_with_heartssmiling_face_with_hearts,10
204,අහන්න හරි ආසයිsmiling_face_with_heartssmiling_face_with_hearteyes,10
205,අම්මෝ පිස්සුවක් relieved_facerelieved_facerelieved_facesmiling_face_with_hearteyes,10
206,සු පි රි  red_heartparty_popper,10
207,මේ නංගිගේ අතිශය සුමිහිරි කටහඬ මේ ගීතයේ වචන වල අර්ථයත් එක්ක අහද්දී හදවතට දැනෙන හැඟීම වචනයෙන් කියන්න තේරෙන්නෙ නෑ ඔයාගෙ  ඔය නිහතමානී අහිංසක පෙනුමයි ඔයාගේ ඔය අහිංසක සිත් වශීකරන ලස්සන කටහඬයි ඔයාව මේ රටේ සංගීත ක්ෂේත්රයේ හිනිපෙත්තෙම වැජබෙන දිදුලන තාරකාවක් වනවා නොඅනුමානයි ජයවේවා රත්තරන් නංගියේ තෙරුවන් සරණයිred_heartpleading_faceudred_heartparty_popperfolded_hands,10
208,සමන්ත කෝනාර තිබ්බටටත් වඩා වොඉස් තවත් ලස්සනයිආව මුල් දවස් වලමයි මන් මුල්ම සින්දුවට ආස උනේඒ වචන වලටපට්ට ඒ වොයිස් තිබ්බටත් වඩා අප්ඩේට් උන්න වගෙමයි red_heart,10
209,අනේ ඇත්තමයි ගීතය අයිති කලාකරුවානෙනි තෙරුවන් සරනයි ඔබ තුමාට ත් ගීතය  කියන දරුවාටත්red_heartred_heartred_heartred_heart,10
210,ඒ කටහඩ pleading_facered_heart,10
211,දෙන්නටම තව තවත් හරියන්න ඕනෙsmiling_face_with_hearteyesred_heartnew_moon_faceseenoevil_monkeyheart_suit,10
212,මාරම ෆීල් pleading_face,10
213,ඇත්තටම පුදුම ලස්සනයි  red_heart,9
214,අවුරුදු ගානක මතක ඇවිස්සුනාsmiling_face_with_tear,10
215,එදා ඉදන්ම ආස කරන සින්දුවක් smiling_face_with_hearteyes,10
216,ඒක මරු red_heart,10
217,ඒක පට්ටred_heart,10
218,පරන එකත් භාවනවක් මේකත් මරු red_heart,10
219,ආයෙත් වතාවක් මෙහෙම ජනප්රිය වෙන්න කලින් ඉඳලම තවමත් මගෙ ප්ලේ ලිස්ට් එකේ නිතරම ප්ලේ වෙන සිංදුවක්මාරම ලස්සනයි udred_heart,10
220,ඒ කාලේ ඒ දුන්න හැගීම අද තවත් තදට smiling_face_with_hearteyesflexed_bicepssmiling_face_with_hearteyes,10
221,මුල් ගායනය අමතක නොකර මේ ගායනය ගැන අදහස් පල වනු ඇතයි මන් සිතමි මගෙ හද පිරි ප්රණාමය udred_heart,10
222,ඇත්තටම ගොඩාක් ගොඩාක් ගොඩාක් ලස්සනයි red_heartface_blowing_a_kissface_blowing_a_kissface_blowing_a_kissred_heart,9
223,ඔබේ හීන රජ කරවන්නයි මා සැරසුනේ red_heart,10
224,රදීශ් පුදුමයි පේන්න ඉන්නවාsmiling_face_with_smiling_eyes,10
225,සමන්ත කෝනාරred_heart,10
226,සමන්ත අයියගෙ වොයිස් මරුred_heartparty_popper,10
227, තරෑ කොටියක් මගෙන් හොදේ red_heartcall_me_hand,10
228, පරන මතක ඇවිස්සුනා red_heartred_heartred_heartred_heart,10
229,පට්ට ම පට්ට red_heartred_heartred_heart,10
230,මෙ ගිතය හොදින් ගායනා කරලා රාටටම අදාර්ශයක් වු ඔයාට අපගෙ ප්රණාමයudsmiling_face_with_smiling_eyes,10
231,පුදුමාකාර සුසංයෝගයක් heart_decoration,10
232,සිංදුවකට කවර් එකක් කරල ඒක හිට් වෙනකොට නඩු දාගෙන දඟලන රටේ ඔබතුමා වගේ අය බොහොම අඩුයිඇත්තටම පිං සමන්ත සර්අක්කේ ඔයාගෙ වොයිස් එකත් පට්ටආසාවෙන් බැලුවාරදීෂ් සර්ගෙ මියුසික් එක්ක ආයෙ සුපිරියක් තමයිතුන්දෙනාගෙම ඉදිරි වැඩකටයුතු සාර්ථක වෙන්න කියල ප්රාර්ථනා කරනවudsparkling_heart,10
233,ඇත්තටම සිංදුවේ පද පෙලත් ලස්සනයි ගායනයත් ලස්නයි  මුල ගායකයා ගැන ලොකු අඩාම්බරයක් දැනෙනවා අද කාලෙ හැටියට අනිත් අයට හොඳ ආදර්ශයක් මේ තියපු පියවර ඉදිරියටත් තව තවත් සාර්ථක කරගන්න ශක්තිය වාසනාව ලැබෙන්න කියලා ප්රාර්ථනා කරනවා red_heartudheart_with_ribbonsparkles,10
234,මේ බෙල්වුඩ් නේද  ලස්සනයිred_heart,9
235,මුල් ගායකයාගේ තියෙන නිහතමානී සතුට කොහොමද නේද වීඩියෝ එකේ මැද්දෙන් මැද්දෙන් එයා කියන්න එන් නෑ එයා අන්තිමට පොඩි කෑල්ලක් කියනවා udred_heart,10
236,ලස්සනම වොයිස් දෙකක් smiling_face_with_hearteyes,7
237,අපේ ගමpleading_facered_heart,10
238,මැරුණත් අමතක නොවන සිංදුවක් මම ඒ තරම් ආදරෙයි මේ සිංදුවට ඒකට ලොකු හේතුවක් තියෙනවා heart_suitheart_suitheart_suit,10
239,ලස්සනයි ලස්සනයි අන්න සිංදු red_heartred_heartred_heartred_heartred_heartred_heartred_heartred_heartred_heartred_heartred_heart,9
240,හරිම ලස්සන වැඩක්ඒ නිහතමානීකමට ගරු කරනවාparty_popperred_heart,10
241,ඒත් සමන්ත අයියගේ කටහඩ භාවනාවක් red_heart,10
242,ඔයා ලස්සනට කියනවාbeaming_face_with_smiling_eyesgrowing_heartthumbs_up,10
243,හදවතටම වදින කටහඩක්pleading_facegrowing_heart,10
244,අපේ ගම නේද මේ cherry_blossomcherry_blossomslightly_smiling_face,10
245,අනේ මේක කොච්චර බැලුවත් එපා වෙන්නෑ red_heart,10
246,මරම ලස්සනයි  එක නියමයි red_heart,10
247,සමන්ත කෝණාර   ඉස්සර වගේ ම අදටත් අහන ලස්සන සින්දුවක් ජෙනි ඒක ආයෙ  අලුත් කලා smiling_face_with_hearteyesbeating_heartsmiling_face_with_heartsbeating_heart,10
248,මාර ලස්සනයි තුන් දෙනාම  ඒ නිහතමානීකම හැමෝටම නැහැ රදීශ් අයියා මිමුනුවත් ඇති ඉතිං ඒක ලස්සන වෙන්න smiling_face_with_hearteyessmiling_face_with_hearteyessmiling_face_with_hearteyessmiling_face_with_hearteyessmiling_face_with_hearteyessmiling_face_with_hearteyes,10
249,ඔබේ හීන රජ කරවන්නයි මා සැරසුනේmending_heartsad_but_relieved_facetired_face,10
250,මාරම ලස්සනයි red_heart,9
251,හරිම ලස්සනයි  මේ සින්දුව අක්කේ ඔයා මේ සින්දුව ලස්සනට කියනවා face_blowing_a_kissface_blowing_a_kiss,10
252,ලස්සනයි heart_on_fireblue_heart,9
253, ලස්සනයි red_heartred_heartred_heart,9
254,සුපිරි red_heart,10
255,අම්මෝ එකeyesfirered_heart,10
256,සුපිරි වැඩක් thumbs_upthumbs_upthumbs_upred_heart,10
257,මෙ ගීතයේ මුල් ගායකයා සමන්ත කෝනර මහතා අනිත් අපේ කලා කරුවන්ටත් ගොඩක් ආදර්ශයක්   මරයි මේ නිර්මනය  ජයවේවාred_heartred_heartred_heartred_heartred_heartred_heart,10
258,මෙහෙම නිහතමානී මිනිස්සු ඉන්න එක ගැන මට පුදුම ආඩම්බරයක් දැනෙනව smiling_face_with_smiling_eyesred_heart,10
259,අද හෝ හෙට මිලියනය ගහනවා ලොවෙත්red_heart,10
260,ලස්සනයි අනෙ සින්දුව කොච්චර ඇහුවත් එපා වෙන්නේ නැ    ඒ කට හඩ නම් සුපිරිred_heart,10
261,ලස්සනයි smiling_face_with_hearteyes,9
262,ජයවේවා red_heart,10
263,ඒකාලේට හිත අරන් ගිය අය කෝසිංදුව ආපු කාලේ පිස්සුවක් වගේ උනා මතකදcrying_faceparty_popper,10
264,මාරම ලස්සනයි smiling_face_with_open_handsbeating_heart,9
265,එදා වගෙමයි තාමත් ලස්සනයිsmiling_face_with_hearteyes,10
266,එකම තැනකට යන අපිට අතිතයට ගෙන යන තව එකක්  ලස්සනයි_hand,10
267,වචන හොයාගන්න අමාරුයිසුපිරිම smiling_face_with_hearteyesyellow_heartblue_heartgreen_heartbouquetflexed_biceps,10
268,මේ ගීතයේ මුල් හිමිකරුවා කොතරම් නිහතමානී පුද්ගලයෙක්ද  කවුරුහරි තමන්ගේ ගීතයක් කියද්දි වැලලෙන්න හදන මිනිස්සුන්ට මහත් ආදර්ශක් දෙන පුද්ගලයෙක් ඔබතුමා smiling_face_with_heartsthumbs_up,10
269,ඒ කාලෙ ඉඳලා අහපු ලස්සන සින්දුවක්විරහ ගීතයක් කියන එකත් අමතක වෙනවා අලුත් එක අහගෙන ඉන්නකොට ඔබගේ ඒ නිහතමානී ගුණය අගය කරනවාලස්සන කටහඬක් ඔබ ලෝකයාට පෙන්නනුවාred_heart,10
270,රජිව් ලා වගේ ගායකයෝ ඉන්න රටම මේ වගේ ගායකයෝ මැනිකක් red_heart,10
271,නිහතමානී ගායකයෙක් සහ දක්ශ ගායිකාවක් දෙන්නටම සුබ පතනව red_heart,10
272,හදවත් ලස්සන මනුස්සයෝ හැමදාම හිනා වෙනවාpleading_facered_heart,10
273,ජය වේවා සෙට් එකටම පට්ටම ලස්සනයි වැඩේ සුපිරි  black_heartsparkles,10
274,ඒකහ් නම්  පිස්සුවක් headphonesmiling_face_with_hearteyesred_heart,10
275,සුභ පැතුම් red_heart,10
276,පිස්සුවක් මේකනම් smiling_face_with_hearteyes,7
277, පාරක් විතර ඇහුව ජෙනීභාවනාවක් ඔය හඩනම්blue_heartred_heart,10
278,සමන්ත අයියගෙ වොයිස් එක ඒක භාවනාවක් red_heart,10
279,හරිම ලස්සනයි  red_heart,9
280,මං ඒ කාලේ ඉදලම ආසම සෝන්ග් එකක් හරිම ලස්සනයිred_heart,9
281,අහපු වාර ගාන මතකත් නැති සෙට් එක කෝred_heartred_heartred_heartred_heartred_heartred_heartred_heartred_heartred_heart,10
282,ලස්සන හඩක් red_heart,10
283,ඒක වෙනම ලෝකෙකට අරන් ගියා වගේ  smiling_face_with_smiling_eyesheart_suit,10
284,සුපිරියක් red_heartred_heartred_heartred_heart,10
285,ශශිකගෙ වොයිස් එකේ පාට් ටූred_heart,10
286,ඒ කටහඩ නම් භාවනාවක් වගේpleading_faceperson_getting_massageleaf_fluttering_in_wind,10
287,ලස්සනයි  red_heartred_heartred_heartred_heart,9
288,කොච්චර ඇහුවත් එපා වෙන්නෙ නම් නෑහරිම ලස්සනයිred_heart,10
289, ඉදිරියටම යන්න සුභ පතනවාred_heartred_heartred_heartred_heartred_heart,10
290,ඇත්තටම සතුටුයි පැටියෝ ඔයා ගැන උත්සහයෙන් ගොඩ යන කෙල්ලෙක් සුපිරියි නම්කියො red_heartred_heart,10
291,නිහතමානී හිත් හැමදාම ලෝකෙ බබළනවාred_heartred_heartred_heartred_heartred_heartred_heartred_heart,10
292,ඇත්තටම ගොඩක් ලස්සනයි කලින් සිංදුවටත් වඩා ගොඩක් ලස්සනයිගීතයේ මුල් හිමිකරු සමගම සිංදුව කරපු එක ගොඩක් වටිනවාගොඩක්ම ලස්සනයි සිංදුවsmiling_face_with_hearteyes,10
293,මාරම ලස්සනයි ඒකface_with_open_mouthred_heart,9
294,ඒක නම් භාවනාවක්relieved_faceheadphonered_heart,10
295,මාරම ලස්සන කටහඩක්  එකටම ගැලපෙන ලස්සන මියුසික් විඩියෝ එකක් මේ ලස්සන නිර්මාණය කරපූ හැමදෙනාටම ජයවේවා firegreen_heartfolded_handsfiregreen_heart,10
296,පැරණි ගායකයාවත් ගත්ත එක හොදයි පරණ සින්දු මේ විදියට අහන්න ආසයිred_heart,10
297,එ කටහඩ red_heart,10
298,අදටත් අහන හරිම ලස්සනයි සිංදුවක් තෙරැවන්  සරණයිred_heartred_heartred_heartred_heartred_heartred_heart,10
299,මුලින්ම මේ කොලිටියෙන් සිංදුව කලානම් මීට කලින් මේක හිට් වෙන්නෙ grinning_face_with_big_eyes,10
300,ආධුනික දරුවන්ට හරි පාර පෙන්නන මේ වගේ කලාකරුවන් තව තවත් පහල වේවාred_heart,10
301,නිහතමානී දක්ශ ලස්සන මිනිස්සු ටිකක් කරපු හරි රහ වැඩක්black_heartblack_heartblack_heart,10
302,ගොඩක් සැරයක් ඇහුවාred_heartred_heartred_heart,10
303,භාවනාවක් red_heartsmiling_face_with_smiling_eyes,10
304,පහරක් flexed_bicepstwo_hearts,10
305,පාවෙනව වගේ දැනෙන්නේ red_heartsparkles,10
306, පාරකට වඩා බැලුවා  කටහඩ පට්ට ලස්සනයිpleading_facered_heart,10
307,හරිම ලස්සනයි අනේred_heartparty_popper,9
308,මාරම ලස්සනයිred_heart,9
309,ඒ හඩ නන් බාවනාවක්red_heart,10
310,රදීශ් අයියා සුපිරි  මේ කෙල්ල තව ඉස්සරහට අරන් යන්නභාවනාවක් වගේ ඒ වොයිස් එකred_heartgreen_heartsmiling_face_with_hearteyes,10
311,අම්මෝ ඇගේ මයිල් කෙලින්  ඒ හඩයි මියුසික් එකටයි red_heartred_heartred_heartface_with_open_mouthface_with_open_mouthface_with_open_mouth,10
312, ඒකනම් පිස්සුවක් slightly_smiling_facemending_heartmending_heartslightly_smiling_face,10
313,හරිම ලස්සන වැඩක් මුල් ගායකයත් එක්කරන් හරිම ලස්සනයි pleading_facered_heartpleading_facered_heart,9
314, අවුරුද්දෙ ආසම සිංදුවඅවුරුදු කට පස්සෙ අලුත් රසකින් smiling_face_with_hearts,10
315,මාරම ලස්සනයි  භාවනාවක් වගේred_heartred_heartred_heartred_heartred_heart,9
316,ඒ කටහඩ නම් භාවනාවක් red_heartred_heartred_heartred_heart,10
317,අම්මෝ ඒ කටහඩ මාරම ලස්සනයි කෙල්ලේ red_heart,9
318,කීපාරක් ඇහුවද කියල මටවත් මතක නෑ red_heart,10
319,කියන්න වචන නෑ පුදුම ලස්සන කටහඬක්ucred_heart,10
320,මාරම ලස්සනයිකොච්චර ඇහුවත් එපාවෙන්නැred_heartred_heart,10
321,ඒ වොයිස් එකහ්drooling_facesmiling_face_with_heartsred_heart,10
322,කියන්න වචන නෑ නන්ගියො මාරම ලස්සනයි  red_heartred_heartsmiling_face_with_smiling_eyessmiling_face_with_smiling_eyesred_heartred_heart,9
323,රදීෂ් අයියා වැඩ පෙන්නන්න පටන් අරන් වගේ smiling_face_with_smiling_eyesred_heart,10
324,ගොඩාක් ලස්සනයි pleading_facered_heart,9
325,ඇත්තටම සතුටුයි ආදරෙයි හැමෝටම red_heart,10
326,හරිම ලස්සනයි කටහඬ හරියට භාවනාවක් වගේsmiling_face_with_heartsred_heartred_heart,10
327,අලුත් වොයිස් එකක්   ලස්සනයි අක්කියෝ සෝන්ග් එක  සිංදුව හිතටම වදිනවා  pleading_facered_heartred_heartred_heartred_heartred_heartred_heartred_heartred_heartred_heartred_heartred_heartred_heartred_heartred_heartred_heartred_heartred_heartred_heartred_heartpleading_facepleading_facepleading_facepleading_facepleading_facepleading_facepleading_facesmiling_face_with_smiling_eyessmiling_face_with_smiling_eyesred_heartred_heartred_heartred_heartgrowing_heartred_heartgrowing_heartgrowing_heartred_heartgrowing_heartred_heartgrowing_heartred_heartgrowing_heartgrowing_hearttwo_heartssparkling_hearttwo_heartssparkling_hearttwo_heartssparkling_hearttwo_heartstwo_heartssparkling_hearttwo_heartssparkling_hearttwo_heartssparkling_hearttwo_heartsgrowing_heartred_heartgrowing_heartred_heartgrowing_heartred_heartgrowing_heartred_heartgrowing_heartred_heartred_heartred_heartred_heartgrowing_heartgrowing_heartsparklesgrowing_heartgrowing_heart,10
328,පුදුම ලස්සනක් තීන්නෙ ඉස්සරත් මං මෙ සිංදුව ගොඩක් ආසාවෙන් ඇහුවෙred_heartred_heartred_heart,10
329,කීපාරක් ඇහුවද කියල මතක නෑ red_heartred_heartred_heartred_heart,10
330,හරිම ලස්සනයි නංගි ගීතයේ මුල් හිමිකරුට හිස නමා ප්රණාමය udred_heart,10
331,විඩියෝ එක මරු හුලග තමා ගොඩක් වද දීලා තියෙන්නේ නේද වෙන කාව හරි දාලා අඩන විඩියෝ එකක් හදලා දානවට වඩා මෙහෙම හදපු එක තමා හොද වොයිස් චේන්ජ් වෙන එකත් නියෙමට තියෙනවා red_heartred_heartred_heartred_heart,10
332,ආදරෙයි red_heart,10
333,කියන්න වචන නැ හරිම ලස්සනයි red_heart,9
334,මුල් හිමි කරුවන්ව අගයමි  ඇයට මිල කල නොහැකි වටිනා කමක් දී ඇත bouquetbouquetsparkling_heartsparkling_heart,10
335,සමන්ත කෝනාර red_heart,10
336,ලස්සනයි black_heart,9
337,ඔරිජිනල් එකේ විව්ස් ගානට ලං වෙලා තියෙන්නෙ මරු අනිවරෙන් මිලියනය පසු කරනවාred_heart,10
338,මුල් ගායකයා ගැන හරිම ආඩම්බරයි අනික් කලා කරුවන්ට ආදර්ශයක් යොහානිට හමු උනා වගේ වටින අවස්ථාවක් වෙන්න කියල සුභ පතනවා දෙන්නටම orange_heartorange_heart,10
339,ඇත්තටම ගොඩාක් ලස්සන කටහඩක්smiling_face_with_hearteyesred_heartherb,10
340,ජය red_heart,10
341,භාවනාවක් වගෙ වොයිස් එකක්red_heartpleading_face,10
342,ෆට්ට _handthumbs_uproserosered_heartred_heart,10
343,අයියගේ කටහඩ එදා වගේමයි ආදරේ සෙට් එක කෝ red_heart,10
344,ලස්සනයි red_heart,9
345,අම්මෝ එකනම් වශියක් මාරම ලස්සනයි red_heartred_heartred_heartred_heartred_heartred_heartred_heartred_heartred_heartred_heartred_heart,10
346,ඒ කාලේ පිස්සුවෙන් වගේ අහාපු එකක් දැන් තවත් ඒකට ඇබ්බැහි උනාsmiling_face_with_hearteyesred_heartrelieved_face,10
347,මං තාම ආස මේකේ පරන මියුසික් එකටපටන් ගද්දි දානred_heart,10
348,ඉක්මනටම ජාත්යන්තරයට යන්න හැකිවේවා udred_heartred_heartred_heartred_heartred_heartred_heartred_heart,10
349,කටහඩ ලස්සනයිgrinning_face_with_big_eyesgrinning_face_with_big_eyesface_blowing_a_kiss,9
350,නියම මනුස්සයෙක් red_heart,10
351,සමන්ත අයියේ ඕකේ ඔරිජිනල් එක තාමත් අහනවා ඒ තරම් ආසයි රදීශ් අයියත් ආසම ගායකයෙක් තමයි මේ නංගිටත් සුභ පතනවා ජය වේවාred_heart,10
352,ගොඩක් ලස්සනයි  මුල් අයිතිකරුවා ලස්සන හදවතක් තියෙන  කලාකරුවෙක් ඇත්තටම ගොඩාක් ලස්සනයි  කියන්න වචන නෑ red_heartred_heartred_heartred_heart,9
353,හරිම ලස්සන නිර්මාණයක්  සුභ පැතුම් smiling_face_with_hearteyesgrinning_face_with_big_eyessparkling_heartsparkles,10
354,අම්මෝ ලස්සන කොච්චර ඇහුවත් එපා වෙන්නෑred_heartred_heart,10
355,ලස්සන වැඩක්red_heartred_heartred_heartred_heartred_heart,10
356,ඔයාගේ තරු කැකුළි සිංදුවෙන් පටන් අරං මේ වෙනකම්ම පිස්සුම ෆෑන් කෙනෙක් මං ජය රදීශ්red_heart,10
357,අනර්ගයි red_heart,10
358,ඒ කටහඩ භාවනාවක් red_heartred_heartpleading_face,10
359,දීර්ඝ ගමනකට මගෙන් ආසිරි red_heartsmiling_face_with_smiling_eyes,10
360,සුපිරි  red_heartsmiling_face_with_hearteyes,10
361,ටම  සංගීත ගමනේ දිගු ගමනක් යන්නට සුභ පතමි musical_notescherry_blossomcherry_blossomcherry_blossommusical_notesmusical_notesfour_leaf_cloverfour_leaf_clover,10
362,ඒකේ ලස්සන  වෙනම ලෝකෙකට යනවා pleading_facered_heartdizzy,10
363,වෑව්ස් kissing_facesparkling_heart,10
364,තීක්ශණසමන්ත කෝණාර රොමේශ් වගේ තවත් හෙන සෙට් එකකට මියුසික් දීල හිරු ටොප්  එනකං බලාගෙන ඉඳල අහපු ලෙජන්ඩ් මියුසික් පොරක් රදීශ් වැන්දබෝනාred_heartred_heartred_heart,10
365,ඇත්තටම ගොඩාක් ලස්සනයිමුල් ගායකයාගේ නිහතමානීකම අගය කරන්න ඕනred_heartred_heart,10
366,මේකනන් භාවනාවක් smiling_face_with_hearteyessmiling_face_with_hearteyessmiling_face_with_hearteyes,10
367,ඔරිජිනල් සිංදුව උදෙ හවස අහනව මේකත් සුපිරීred_heartspeaknoevil_monkeyblack_heart,10
368,රදීශ් අයියා red_heart,10
369,සුපිරි red_heartred_heart,10
370,මාරම ලස්සන කටහඩක්   ඒකනම් පිස්සුවක් නංගී ඔයාගෙ අනාගතයට හදවතින්ම  සුබ පතනව ඒ වගේම ගීතයේ මුල් නිහතමානී කලාකරුවනි ඔබට හදවතින්ම ප්රනාමය udred_heartred_heart,10
371,ලොකුවට දේවල් කියන්ඩ ඔනීනෑ  වචනෙ දෙකකින් කියනවනං  එකෙම්ම පට්ට smiling_face_with_hearteyespleading_facered_heart,10
372,ඒ හඩ නම් භාවනාවක් නිහතමානි කලාකරුවෝ බිහි වෙන එක ගැන සතුටුයි ඉස්සරහ්ට මේ රට තවත් ලස්සන වෙයිsparklesred_heart,10
373,පුදුම ලස්සනක්red_heartpleading_face,10
374,ඉස්සරහට ම යන්න ඕනි ජයම වෙන්න ඕනි  red_heart,10
375,පට්ටම ලස්සනයි red_heartred_heartred_heartred_heartred_heart,10
376,ඒ නිහතමානීකමට ආදරෙයි red_heart,10
377,අලංකාරයි අනර්ඝයි උත්කෘෂ්ටයි smiling_face_with_hearteyes,10
378,අවුරුදු ක් ගියාට ඒ ඇක්ශන් ටික එහෙමම තමාgrowing_heartrelieved_face,10
379,රදීෂ් අය්යා කරොත්  ඉතිම්  red_heartred_heartred_heartred_heartri_ankari_ankari_ankaalaysiaalaysiaalaysiaalaysiaalaysiaalaysia,10
380,මීපැණි red_heartface_savoring_foodface_savoring_food,10
381,තමන්ගේ සින්දුවක පද ක් කිව්වත් නඩු දාන කලාකරුවන් අතරේ සමන්ත කෝනාර වැනි නිහතමානී කලාකරුවන් වැඩි වැඩියෙන් බිහිවේවා හරිම ආදරණීය වීඩියොවක්මුල් ගීතයත් මන් නම් නිතරම අහනවා ඒ කාලේ මට යිහරිම ආසාවෙන් මියුසික් ටීවී එකේ මේ සින්දුව යන්නෙ කොයි වෙලාවට කියල බලන් ඉන්නෙ එදත් ආසයි අදත් ආසයි ඔබ සියලු දෙනාට ජය red_heartred_heartred_heartred_heartred_heartparty_popper,10
382,ඇත්තටම නිහතමානී කලාකරුවෙක්  ගොඩාක් ලස්සනයි red_heartsmiling_face_with_hearteyesred_heartparty_popper,10
383,මරු  ලස්සනයි red_heartparty_popper,9
384,සුපිරි heart_with_arrowred_heartsmiling_face_with_open_handscollision,10
385,ඒක නම් මාරම මාරයි පිස්සු හැදෙනව දෙන්නගෙම කටහඩට face_with_thermometer,10
386,සුපිරියක් තමාsmiling_face_with_smiling_eyesparty_popperred_heart,10
387, නියම වැඩක් රදීශ් අයියාsmiling_face_with_hearteyesred_heartred_heartsmiling_face_with_hearteyesred_heartvictory_hand,10
388,ගොඩාක්ම ලස්සනයි අක්කියෝseenoevil_monkeystarstruckrevolving_heartsopen_hands,9
389,ලස්සනයි red_heartsmiling_face_with_smiling_eyes,9
390,ජයෙන් ජයම වේවා ඉතාමත් ලස්සන වැඩක් heart_decorationheart_decorationheart_decorationheart_decorationheart_decorationheart_decorationheart_decorationheart_decorationheart_decorationheart_decorationheart_decorationheart_decorationheart_decorationheart_decorationheart_decorationheart_decoration,10
391,මුල් කලාකරු red_heart,10
392,ගොඩක් ලස්සනයි ඉස්සරත්  ආසාවෙන් අහපු  ගීතයක්  සුභ පතනවා red_heartred_heartred_heartred_heart,10
393,අනේ හරිම ලස්සනයි bouquetpleading_facered_heart,9
394,හරිම ලස්සනයිred_heartred_heartred_heartred_heart,9
395,මුල් අයිතිකරුවන් නම් clapping_handsred_heart,10
396,ලස්සනයි red_heartred_heart,9
397,මම ආසම ගායකයෙක්red_heartred_heartred_heartred_heart,10
398,සුපිරියක් red_heart,10
399,තමන්ගෙ සින්දුවක් කිව්වා කියලා නදීරගෙ දුවට පාට් දාපු රජිව් ලා එක්ක බැලුවම කෝනාර කියන්නේ පට්ට හොඳ මනුස්සයෙක් red_heartred_heartred_heart,10
400,සුපිරියක් heart_on_fire,10
401,හරිම ලස්සනයි හිත නිවන භාවනාවක් වගේ  මුල් අයිතිකරුට red_heartred_heart,10
402,නිහතමානී කලා කරුවීred_heart,10
403,මගෙත් හීනයක් තමයිrelieved_facerelieved_face,10
404,ඒක ලස්සනයි relieved_face,9
405,ඉස්සර ආසාවෙන් අහපු කවදාවත් පරණ වෙන්නෙ නැති ලස්සන ගීතයක්  මේ වගේ දක්ෂ අයට  නිහතමානීව අත දීපු එකට  ස්තූතිය  red_heartred_heartsmiling_face_with_hearteyessmiling_face_with_hearteyes,10
406,නිහතමානී කලාකරුවෙක් clapping_handsthumbs_upred_heartfolded_hands,10
407,මේ වගේ අය නිසා මේ රට හරි ලස්සනයි revolving_heartsrevolving_hearts,9
408,බුදුසරණයි අයියෙ ඒ නිහතමානීකමට red_heartred_heart,10
409,ඒකනම් සුපිරිred_heart,10
410,මීට වඩා අනික පට්ට smiling_face_with_hearteyes,7
411,සුපිරි red_heartred_heartred_heart,10
412,තමන්ගෙ සින්දුවක් වෙන ළමයෙක් කියලා ජනප්රිය වුණාම ඒකට විරුද්ධ ව වැඩ කරන්නෙ නැතු ව නිර්මාණශීලී ව මෙහෙම හිතලා ලස්සන වැඩක් කරන එක කොච්චර වටිනවද සුබ පැතුම් සියලු දෙනාට මාර ම ලස්සනයි udred_heart,10
413,ගොඩක් අයට මේ සිංදුව කාලයක් අමතක් වෙලා තිබුනා ඒත් සතුටුයි ආය අහන්න ලැබුන එකට නිහතමානී ගායකයෙක්ගීතය පුරාම අහන්න ආස හිතෙන හදවතට දැනෙනවාred_heartred_heart,10
414,නිහතමාණි කලාකරුවෙක් ඒ කටහඩ නම් භාවනාවක් red_heartsmiling_face_with_heartspleading_facered_heart,10
415,ගොඩක් ලස්සනයි red_heartred_heartred_heart,9
416,හරිම ලස්සන නිර්මාණයක්පැරණි ගීතය වගේම ආසාවෙන්  රස විඳින්න පුළුවන් thumbs_upred_heartred_heartsmiling_face_with_hearteyessmiling_face_with_hearteyes,10
417,ඇත්තටම හොඳ අවස්ථාවක් ලබා දීම ගැන සමන්ත අය්යේදෙදෙනාම ගීතයට උපරිම සාධාරණයක් කරා heart_suitface_blowing_a_kiss,10
418,අපිත් යන්න ඉන්නෙ හන්තානේred_heartbeaming_face_with_smiling_eyes,10
419,නියමයි sparkling_hearttwo_heartsheart_with_arrowbeating_heartsparkling_hearttwo_heartsbeating_heartwinking_faceslightly_smiling_facebeating_heartheart_with_arrowsparkling_hearttwo_heartssparkling_heartheart_with_arrowbeating_hearttwo_hearts,10
420,මාරම මාර ලස්සනයි අහන් ඉන්න හිතෙන සින්දුවක් ගොඩක් ලස්සනයි party_popperparty_popperred_heart,9
421,සිංදුව මරු රිවස්ටනුත් මරුred_heartred_heart,10
422,ඒක ලස්සනයි ඔරිජිනල් ගායකයත් ඉන්නවා smiling_face_with_hearteyessmiling_face_with_hearteyes,10
423,මගේ ආසම සින්දුව  දවසකට තුන් පාරකට වඩා අහනවා  කොච්චර ඇහුවත් එපා වෙන් නැති සින්දුවක් red_heartface_blowing_a_kissred_heart,10
424,මාරම ලස්සනයි ආදරෙයි ඒ වොයිස් දෙකටම ඒ නිහතමානීකම තමයි මේ හැමදේකම සාර්ථකත්වය  නැත්නම් අවුරුදු දහයක් විතර පරණ සිංදුවක් ආයෙම හිට් වෙන්නේ නෑනේ ජය වේවා බුදුසරණයි smiling_face_with_hearteyesface_blowing_a_kisssmiling_face_with_hearteyes,10
425,ඕගන් එක ගහන කෙනාගෙ වොයිස් red_heartred_heartred_heartred_heart,10
426,මුල් නිරිමාණකරුවන්ට ප්රණාමය  ඔබ  සැම සෑම කළාකරුවෙකුටම ඉතා හොද ආදර්ශක් udred_heartred_heart,10
427,ඒක මරූred_heart,10
428,ලස්සනයි වොයිස් එකමං හිතුවෙ සශිකා නිසංසලා කියන්නෙ කියලsmiling_face_with_hearteyessmiling_face_with_hearteyessmiling_face_with_hearteyessmiling_face_with_hearteyes,10
429,රදීශ් කියන්නෙ ඉතින් වැඩ්ඩෙක්කම තමා   නිහඩවම තමන්ගෙ ගමන යනවාජයred_heart,10
430,ඒ නිහතමානී කමට ගරුකරනවාred_heartfolded_hands,10
431,කෝනාර මහත්තය සිංදුව පටන් ගන්නකොට ඇඟේ මයිල් කෙලින් වුනා red_heartred_heartred_heartred_heartred_heart,10
432,රිවස්ටන් face_with_open_mouth,10
433,එකනම් මරෑ ඈ red_heartred_heartparty_popperparty_popper,10
434,සමන්ත කොනාර හඩ එදා වගේමයි අදත් ලස්සනයිමම තාමත් ආස ගීතයක්red_heartred_heartred_heart,10
435,හරිම ලස්සනයි red_heartsmiling_face_with_heartsdizzy,9
436,මෙි සිංදුව කාලයක් එක දිගටම පිස්සුවෙන් අහපු එකක් එක මේ විදියට අලුත් වුන එක මාර සතුටුයි මාරම ෆිල් එකක් usmiling_face_with_hearteyessmiling_face_with_hearteyessmiling_face_with_hearteyes,10
437,අපූරුයි හැමදේම හරිම ලස්සනයි නිහතමානි  කලා කරුවානනි ඔබේ නිහතමානි කම අගයමිහැමෝටම හොද ආදර්ශයක්බුදුසරණයි thumbs_upred_heartred_heart,10
438,ලොකෙශන් කොහෙදව්face_with_open_mouth,10
439,මෙන්න වචනෙ පරිසමාප්තියෙන්ම නියම කලාකරුවන් කියන්නෙ මෙයාලටred_heart,10
440,අනේ ලස්සනයි අසාවෙන් බැලුව smiling_face_with_hearteyessmiling_face_with_hearteyesthumbs_upthumbs_upsmiling_face_with_hearteyessmiling_face_with_hearteyessmiling_face_with_hearteyes,9
441,ඊර්සියාකම් කුහකකම් පිරුණු සමාජයක මුල් ගායකයාගේ සිංදුවක් අය මෙහෙම වෙන කෙනෙක්ගෙන් වයරල් වෙද්දි  ඒ කෙනාට තැනක් දාලා මේ කරපු දේ ගොඩක් අගයනවා ඇත්තටම එහෙම මිනිසුන් අද සමාජයේ නෑ ඔයා ගොඩක් වසනාවන්තයි නංගි ඔහොම්ම යන්  හදවතින්ම සුබ පතනවා ජයෙන් ජය oncoming_fistface_blowing_a_kissdizzy,10
442,ඉස්සරත් ගොඩාක් ආසයි දැන් වගේමred_heart,10
443,මුල් ගායකයගේ හඩ එනකන් බලන් හිටියා smiling_face_with_hearteyesred_heart,10
444,මේවා වැඩක් නෑමරීයා වගේ එකක් ඕන sad_but_relieved_facered_heart,10
445,හරිම ලස්සනයි ආදරනීය නිහතමානී කලාකරුවෙක්  ඒ කටහඩ  සුපිරි red_heartpleading_facered_heartloveyou_gesture,10
446,මාරම ලස්සනයි smiling_face_with_hearts,9
447,නදීරගේ දුවට සිද්ධ වුන දේ එක්ක සමන්ත කෝනාර දෙවියෙක් වගේ කෙනෙක් හිස නමා අචාරය red_heart,10
448,රදීෂ් අයිය වැඩක් කෙරොත් ඉතින් ආයෙ අහන්න දෙයක් නෑ ඒක වෙනම බ්රෑන්ඩ් එකජය වෙිවාudred_heart,10
449,මුල් ගායනය තරම් නෑ නමුත් දැනුනේred_heartred_heartred_heartred_heart,10
450,ඉස්සර නිතරම අහපු ලස්සන සිංදුවක් smiling_face_with_hearteyessmiling_face_with_hearteyessmiling_face_with_hearteyes,10
451,ලස්සනයි red_heart,9
452,නිහතමානී කලාකරුවා හදවතින්ම සුභ පතනවාred_heartred_heartred_heartred_heartred_heartred_heart,10
453,මුලින්ම කියද්දි ගත්ත අලන්කාර ගොඩාක් මිස්වෙලා sad_but_relieved_facesad_but_relieved_face,10
454,ලස්සනයි red_heart,9
455, මුල් අයිතිකාර අයියේ ෆට්ට අදරෙයි ඔයාට හොදේ කංකාවෙ ඉන්න නිහතමානි ගායකයෙක්     අදරෙයිred_heartred_heartred_heartred_heartred_hearthundred_pointshundred_pointscheck_mark_buttoncheck_mark_button,10
456,අදහන්න වටින ඔරිජිනල් ආටිස්ට්ලා නඩු නොදා හැකියාවට තැන දෙනවා ජයවේවා red_heart,10
457,තමන්ගෙ සිංදුවක් වෙන කෙනෙක් ආසාවෙන් කියද්දි නඩු දාන රටක මෙන්න නියම ගායකයො black_heart,10
458, අම්මෝ සුපිරිred_heartred_heartred_heartred_heart,10
459,කෝණාර අයියා කියද්දි තමයි අහන්න ආස ඒකඅම්මෝ ඒ කාලෙ පිස්සුවක් ඔය සිංදුව අදටත් party_popperred_heartred_heart,10
460,හරිම ලස්සනයිpurple_heartpurple_heart,9
461,ලස්සනම වැඩක්revolving_heartsrevolving_heartsrevolving_heartsrevolving_heartsrevolving_heartsrevolving_heartsrevolving_hearts,10
462,ලස්සනයි ගැමිමයි  ured_heartred_heartred_heartred_heart,9
463,සුපිරි සුපිරි red_heartred_heartred_heartred_heartred_heartred_heartred_heart,10
464,ඒ වොයිස් එකred_heart,10
465,හැමදේම වෙනස් වුනාred_heart,10
466,සමන්ත අයියා කාලෙකින් දැක්කෙ නියමයි red_heart,10
467,මේක තමයි වෙන්න ඕන හිතිම් මං ඔබට කලාකරුවෙක් නොකියා සර් කියලා අමතමී   ඒ සර් ඔබට පාර හදලා දුන්නා හිතිම් පරිස්සමින් ඉස්සරහට යන්න ඔබට සුභ පතනවාheart_suitheart_suit,10
468,පට්ටම සතුටුයි  හැමෝටම ජයම වෙන්න ඕනred_heartred_heartred_heartred_heart,10
469,පට්ටම සතුටුයි  හැමෝටම ජයම වෙන්න ඕනred_heartred_heartred_heartred_heart,10
470,පොඩි කාලේ ඉදන් ආසම මියුසික් ඩිරෙක්ටර් කෙනෙක් රදීශ් අයියාදවසක එයාටම කියලා මගේ සිංදුවක් කරනවාකවමදාහරිඒක හීනයක්හැබෑ කරනවා කොහොමහරි red_heart,10
471,මේ සිංදුව ආපු කාලෙ ඉදන් අව්රුදු ගානක්ම යනකම්ම මගේ ආසම සිංදුව උනාඅදටත් මගේ ලිස්ට් එකේ දෙවෙනි තැන තියෙනවා ඔරිජිනල් එක නම් පිස්සුවක්මේකත් ලස්සනයිred_heart,10
472,ලස්සනයි heart_suitheart_suit,9
473,ලස්සනයි red_heartred_heart,9
474,සුපිරි අක්කෙred_heartred_heart,10
475,පට්ට red_heartsmiling_face_with_hearteyes,10
476,දැන් වගේ ශෝෂල් මීඩියා බහුල නොවුණ අපි ඉස්කෝලෙ ගියපු කාලෙ අපි පිස්සුවෙන් වගේ අහපු සින්දු ගොඩක අයිතිකාරයෙක් රදීශ් කියන්නේතරු කැකුලිහාදු වැස්සේ වගේ සින්දු තාම මගේ ගාව තියනවාred_heart,10
477,ඒක වෙනමම රහක් red_heart,10
478,ඒ හඞ භාවනාවක් වගේred_heart,10
479,මරම ලස්සන කටහඩක් sparkling_hearteyessmiling_face_with_smiling_eyes,10
480,මුල් ගායකතුමා අවසානයට ගන්න ගැම්මමට වචන නෑ ඒක කියන්නroseroseroserose,10
481,මේ වගේ කාලෙක ළමයෙක්ව ළමයෙක් විදිහට අරන් මේ වගේ ලස්සන නිර්මාණයක් කරන්න හැමෝටම බෑred_heartfire,10
482,සමන්ත රදීශ් කියන්නෙ නිහතමානී දක්ෂයො දෙන්නෙක්  ජයවේවා pleading_facered_heartclapping_handsclapping_handsclapping_hands,10
483,දරුවෙක් ලස්සනට තමන්ගෙ සිංදුවක් වැඩසටහනක ගායනා කරා කියලා ඒ සිංදුව අයින් කර ගන්න කියලා කියන රටක මෙහෙම කලාකරුවන් දකින්න අපි පින් කරන්න ඕන red_heart,10
484,නිහතමානි කාලාකරුට මාගෙ ප්රනාමයudred_heartred_heartred_heartred_heartred_heartred_heartred_heartred_heart,10
485,ලස්සන වැඩක්  red_heartpleading_facered_heartred_heartred_heart,10
486,ඒ නිහතමානිකම තමන්ගෙ සිංදුව තව කෙනෙක්ම කියද්දි ලගට වෙලා ඒක විඳින ලස්සනsmiling_face_with_heartspleading_facered_heart,10
487,සුපිරි වැඩක් victory_handred_heart,10
488,හරිම නිහතමානි ගායකයෙක් සමහරක්  දශකයේ ගායකයන්ට ඉගෙනගන්න දේවල් තියේ මේ වගේ තරුණ ගායකයන්ගෙන්මේ අක්කගෙ කටහඬ බාවනාවක් වගේ රදීශ් අයියගේ කට හඬ නම් පිස්සුවක්red_heart,10
489,ආදරේ හිතුනා ඒ අක්කියාට red_heartsmiling_face_with_smiling_eyes,10
490,මුල් සින්දුව ඉස්සර කොච්චර නම් ඇහුවදමේක අහද්දි ඒකත් රහසින් ඇහෙනව වගේ red_heart,10
491,මරු අක්කිගොඩාලියක් ලස්සනයි red_heartred_heartred_heartred_heart,10
492, සුපිරියක්  pleading_facesmiling_face_with_hearteyeshigh_voltage,10
493,එදත් අදත් මොන විදියට ඇහුවත් ආසම සින්දුවක්  red_heartthumbs_up,10
494,හිරු නැගෙනා සිංදුව ඉස්සර පිස්සුවක්red_heart,10
495,ඉදිරි පරම්පරාවට තවත් එක් අනුරාධාවියක් red_heartred_heart,10
496,ලස්සනයි ගොඩක් thumbs_upsmiling_face_with_hearteyes,9
497,තමන්ගෙ සිංදු වෙන අය කියද්දි නැට්ට පාගන් උසාවි ගානෙයිසෝශල් මීඩියා වලයි චාටර් වෙන කාලාකාරයො කියාගෙන ඉන්න උන්ට මේවා හොද කනේ පහරක් loveyou_gestureloveyou_gestureloveyou_gesturered_heartred_heart,10
498,හිතට දැනුනු ආදරණීයම ගීතයක් වචනයෙන් විස්තර කරන්න බැරි තරම් ලස්සන හඩක්  ඒ හඩට දිරි දුන්න ආදරණීය නිහතමානී කාලාකරුවන්ගේ සුන්දර නිර්මාණයක් හදවතින්ම සුබ පැතුම් red_heartface_blowing_a_kissfirethumbs_upgrowing_heartrevolving_hearts,10
499,යුග දෙකක සුසයෝගයred_heart,10
500,ඒ සිංදු ව  වටිනාකම ක් ගෙන දුන්නා නිහතමානී චරිතයක් red_heart,10
501,මේ සීන් එක ශූට් කරන්න හෙන කට්ටක් කනවා මම දැක්කා ලොකේශන් එකේ අපිට මෙහම ලස්සන වැඩක් කරලා බලන්න දෙන උබලට ජය එකෙන්ම red_heartred_heart,10
502,සැබෑ කලාකරුවෙක් red_heartfolded_hands,10
503,ගොඩක් නිහතමානී ගායකයෙක්  ලස්සන නිර්මානයක සුබ පැතුම්red_heartbouquet,10
504,ලස්සනයි smiling_face_with_hearteyesred_heart,9
505,සුපිරි smiling_face_with_hearteyesheadphonered_heart,10
506,ලස්සනයි red_heartsmiling_face_with_hearteyes,9
507,එනකල් මග බලං හිටියේ ඇත්තටම මාරම ලස්සනයි smiling_face_with_heartssmiling_face_with_heartsred_heart,10
508,හිත නිවන හඬවල් දෙකක් මුසු වුනාම එක වෙනම ලෙවල් එකක් red_heartherb,10
509,කියන්න වචන නැ පට්ට flexed_bicepsred_heart,10
510,මේ වගේ මුල් ගායකයො ගොඩක් වටිනව නවකයො හොයාගෙන එයාලට වටිනාකමක් අරන් දෙන්නෙ බොහෝම අඩු පිරිසක්   ජයවේවාflexed_bicepsclapping_handsred_heart,10
511,හරිම ලස්සනයි red_heartred_heartred_heartred_heart,9
512,හරිම ලස්සනයි හිත නිවන හඩක්red_heartred_heartred_heartred_heartred_heartred_heart,9
513,ආදරෙයි red_hearttwo_hearts,10
514,ඇත්තටම ගොඩාක් ලස්සනයිමුල් ගායකයාගේ නිහතමානීකම අගය කරන්න ඕනred_heartred_heartred_heart,10
515,රදීශ්ගේ මෙලඩි වෙනම ලෙවල් එකක් red_heart_hand,10
516,හරිම අගෙයිheart_suitwilted_flower,10
517,තමන්ගේ සිංදුවක් තව කෙනෙක්ට කියන්න දුන්නු එකම ගායකයද කොහෙද  ආඩම්බරයි විශුවල් එකක් හදලා එක නම් සුපිරි මේ වගේ ගායකයො අද හරිම අඩුයි red_heartred_heart,10
518,රදීෂ් වැන්දබෝනාred_heart,10
519,හරිම ලස්සනයිred_heart,9
520,ලස්සනයි මැණික හැමදාම සතුටින් ඉන්න අක්කිpleading_faceheart_suitsmiling_face_with_heartssmiling_face_with_heartsroseface_blowing_a_kissface_blowing_a_kiss,10
521,ලස්සන ඒ කටහඩ දෙකේ  වෙනම ලොකේට අරන් ගියා red_heartred_heartred_heartred_heartred_heartred_heartred_heartred_heartred_heartred_heart,10
522,මාරම ලස්සනයි red_heartsmiling_face_with_hearteyestulipred_heart,9
523,ලස්සනම ලස්සනයි red_heartred_heartred_heart,9
524,සුපිරියක් flexed_bicepsflexed_bicepsflexed_biceps,10
525,ලස්සනයි ඕයි white_heart,9
526,ගොඩාක් ලස්සනයිred_heartsmiling_face_with_open_hands,9
527,සුපිරියක් face_blowing_a_kisssmiling_face_with_heartssmiling_face_with_hearteyessmiling_face_with_hearteyes,10
528,එ කෙල්ල මාරම ලස්සනයි smiling_face_with_hearteyesred_heart,9
529,හරිම නිහතමානී කලාකරුවෙක් මේ ලංකාවේ මේ වගේ මිනිස්සු ඉන්නවා නම් මොනවා කරන්න බැරිද   හරිම ලස්සනයි  සිංදුව අගය කරන්න ඕනි දේ කරන්න ඕනී pleading_facered_heart,10
530,සුපිරියක් ආ red_heartbroken_heartsmiling_face_with_horns,10
531,නිහතමානී කලා කරුවෙක් red_heart,10
532,සුබ අනාගතයක් තමන්ගෙ සින්දුවක් වෙන කෙනෙක්ට ලොබ නැතිව දුන් සින්දුව තමන්ගෙ වගේ ලස්සනට කිව්ව හැමොටමmusical_notered_heartmusical_scoremusical_notesmusical_notes,10
533,ගොඩක් ලස්සනයි  හැමෝටම සුබ පතනවා red_heartred_heartred_heart,10
534,වැස්සෙ තෙමි තෙමි මේක කරන්න මාර කට්ටක් කෑවනේ වැඩේ සුපිරිම රදීශ් අයියේ pleading_facered_heart,10
535,ඒකනම් මාරයිred_heartred_heartred_heart,10
536,පට්ටම purple_heartpleading_face,10
537,ලස්සනයි red_heart,9
538,ලස්සනයි red_heartred_heartred_heart,9
539,නිහතමානී මිනිස්සු   ලස්සන වැඩක් red_heartsmiling_face_with_hearts,10
540,වීඩියෝ එකෙ මාර කොලිටියක් තියනව ගර්ල් සින් කරද්දි ආර්ටිස් එහෙට මෙහෙට යන කෑල්ල මරුred_heart,10
541,අම්මෝ මේකනම් මාර ලස්සනයි රදීශ් අයියෙ red_heart,10
542,ලස්සනයි red_heart,9
543,හරිම ලස්සනයි ඉස්සර ඉදලම අදවෙිනකමුත් හදවතේ තියේන ගීතයක් සුබපතනවා ඔයාලා  දෙනාටම smiling_face_with_heartssmiling_face_with_heartssmiling_face_with_hearts,10
544,මේක මං ගොඩක් ආස සිංදුවක් මුල් ගායනයේ ඉදලම නියමයි කියන්න වචන නෑ හරිම ලස්සනයිred_heartred_heartred_heart,10
545,මාරම ලස්සනයි ඒකred_heartred_heartred_heart,9
546,ඔරිජිනල් ගායකයාගේ කටහඩ ගොඩක් ලස්සනයි heart_suit,10
547,අයියේ තව පොඩ්ඩක් සින්දුව ස්පීඩ් වුනා නම් මරුred_heartsmiling_face_with_smiling_eyes,10
548,අවුරුදු ක් පරන මේ සින්දුවට පණ දුන්න ඇයට ලැබිය යුතූ තැන ලැබිලමුළු මහත් සමාජයටම දුන්න හොඳ පණිවිඩයක් තමන්ගෙ දෙයක් උනත් කෙනෙක් තමන්ට වඩා හොඳින් කරද්දි අගයන්න ඕන කතෘ භාගෙ වෙනුනෙන් උසාවි යන අයට හොඳ මතක් කිරීමක් අළුත් පරපුර හරිම දක්ශයී එයාලට හරි මඟ පෙන්වීම ප්රවීණයන්ගෙ යුතුකම සංගීත ක්ෂේත්රයට ලස්සන මතකයක්ududred_heart,10
549,දෙවියනේ ඒක නම් blue_heartpurple_heartblue_heartpurple_heartblue_heartpurple_heartblue_heartpurple_heart,10
550,මේ සිංදුව ආපු මුල් කාලෙ මතක් උනාred_heart,10
551,වැස්සෙ තෙමි තෙමි කෝම හරි ලස්සන මිවුසික් වීඩියෝ එක කරලාමාරම ලස්සනයි වොයිස් එකයි වීඩියෝ එකයිred_heartblossomsmiling_face_with_hearteyes,10
552,ගොඩක් ලස්සනයි red_heart,9
553,මේ නිහතමානීකම නව පරම්පරාවේ කලාකරුවන්ට හොඳ ආදර්ශයක් red_heartred_heartred_heart,10
554,කියන්න වචන නෑ කණට මී පැණි වක්කරනව වගේ කාලෙකින් ඇහිච්ච ලස්සන කටහඩක් වගේම නිහතමානී තවත් චරිතයක් ගැම්මක් තමයි red_heartthumbs_up,10
555,සුපිරි red_heart,10
556,ලස්සනයිසින්දුවවොයිස් එක හරිම ලස්සනයිred_heartred_heartred_heartsmiling_face_with_smiling_eyesred_heartred_heartred_heartheart_with_ribbonpine_decorationpine_decorationpine_decorationpine_decorationpine_decorationpine_decorationpine_decorationpine_decorationpine_decorationpine_decorationpine_decoration,9
557,ඒ කටහඩ red_heartred_heartred_heart,10
558,ලස්සනයි පිළිවෙලයි red_heartthumbs_upwriting_handmusical_noteheadphonemicrophone,9
559,සමන්ත කෝනාර ඔබ වැනි නිහතමානී කලාකරුවන් රටට ආඩම්බරයක් ඔබගේ අලුත් ගීතයක් ලගදීම බලාපොරොත්තු වෙනවාheart_hands,10
560,නිහතමානී කලාකරුවන් දෙදෙනෙක් සමන්ත අයියා  රදීශ අයියා red_heartred_heartred_heart,10
561,ශා සිංදුව නම් හරිම ලස්සනයිඒ ලොකේෂන් එක එහෙම රදීශ් අයියගෙ මියුසික් එකත් ලස්සනටම තියෙනවා ඒ ගායකයගෙත් වොයිස් එක හරිම ලස්සනයි   අන්තිම ටිකදි තරු කුමරා සිංදුව මතක් වුනාඅදටත් ආසම එකක්red_heartred_heartred_heartparty_popper,10
562,ජයවේවා  flexed_bicepsred_heart,10
563, ලස්සනයි නංගී පැටියෝ සුබ පැතුම් smiling_face_with_hearteyesred_heartred_heartred_heartred_heartpurple_heartpurple_heartpurple_heart,9
564,ජයවේවා red_heart,10
565,ලස්සනයි මැණික red_heartpartying_facepleading_face,9
566,අන්තිම ටිකpleading_facered_heart,10
567,රදීශ් අයියෙ ඔයාගෙ කටහඩනන් භාවනාවක් ආඅ වගේම මේ වැඩෙත් මරු ජය වේවා පට්ටම ආදරේ කරන සිංදුවක් මේකred_heartred_heart,10
568,ලස්සන කටහඩක් smiling_face,10
569,සුබ පැතුම් red_heartred_heart,10
570,හදවත් ස්පර්ශයක් red_heartred_heartred_heart,10
571,ඒකත් හරි එහෙනම්  සුපිරි red_heartgrinning_face_with_sweatred_heartred_heart,10
572,ලස්සනයි red_heartred_heartred_heart,9
573,සිංදුවක් කිව්වත් නඩු දාන රටක මේ වගේ කැප කිරීම් කරනවා කියන්නේ  මාරම ලස්සනයි smiling_face_with_heartsheart_suit,10
574,එදා මෙන්ම අදත් සින්දුව අහපු වාර ගණන මතකත් නෑසමන්ත කෝනාර මහතා වැනි නිහතමානී කලාකරුවන් තව තවත් බිහිවෙනවා නම් කලාව තව තවත් රසවත් වේවි ඔබට මෙන්ම ඇයටත් ජයred_heartred_heartfolded_hands,10
575,වෙන අය තමන්ගෙ සින්දුවක් කිව්වම නඩු දාන්න යන රටක ඔයා කරපු මේ වැඩේනම් ගොඩක් වටිනව ආදරෙයි අයියේred_heart,10
576,ගොඩක් ලස්සනයිsmiling_face_with_hearteyesred_heart,9
577,රදීෂ් අයියගෙ හිනාව දැක්කත් හිත පිරෙනවා beaming_face_with_smiling_eyesred_heart,10
578,ලස්සන නිර්මාණයක්red_heart,10
579,මාරම වොයිස් එකක් ඒක නම් red_heart,10
580,අපි පොඩි කාලේ ආසවෙන්ම අහපු සිංදුවක් ආයෙත් අලුත්ම විදියකට අහනකොට දැනෙන සතුට කියාගන්න බෑ red_heartred_heartred_heart,10
581,නිහතමානී කාළකරුවෝ ජය වෙන්න ඔනී හදවත්red_heart,10
582,එහෙමත් නිහතමානී ගායකයෙක්  මොනවා කොහොම කීවත් අයියා කියද්දී ඒක මාරම විදියට දැනෙනවා නංගිත් හරි ම ලස්සනයි red_heartred_heartred_heartred_heartred_heartred_heart,10
583,ෆේස්බුක් එකේ මේක දැකලා සින්දුව එනකන් බලාගෙන හිටපු අය කෝ raised_hand,10
584,සමහර ගායකයෝ ඉන්නවා සිංදු ගොඩාක් කරලත් මිනිස්සු අතරට නොයන ඒත් සමන්ත අයියා මේ සිංදුවට එදා වගෙම  අදත් හැමොම පට්ට ආසයි ඒ කටහඬත් තාමත් එ වගෙම තමයිred_heart,10
585,අනේ මාරම ලස්සනයි smiling_face_with_hearteyesred_heart,9
586,අනේ හරිම ලස්සනයිpleading_facesmiling_face_with_hearteyesred_heartred_heartred_heart,9
587,ගොඩක් ලස්සනයිpleading_facered_heartred_heartred_heartred_heartred_heartpleading_face,9
588,අනේ හරිම ලස්සනයි අප්පා smiling_face_with_heartssmiling_face_with_heartssmiling_face_with_heartssmiling_face_with_heartssmiling_face_with_heartssmiling_face_with_hearts,9
589,හැමෝම මහන්සි වෙලා පොඩියට ලස්සනට  වැඩේ කරල තියෙනව ජෙනී නංගිට සුභ පැතුම්  සමන්ත අයියා රදීශ් අයියට ස්තුති මේ ලස්සන සිංදුව නිර්මාණය කරාට සහ නැවත නැවතත් නිර්මාණය කරාට red_heartred_heart,10
590,මේ වගේ ගීතයක වටිනා මුල් අයිතිකාරයො ඉද්දි ඒ ගීතයට හැමවිදියකින්ම සාදාරනෙ ඉශ්ට කරනවා red_heartsmiling_face_with_smiling_eyes,10
591,මේ වගේ ගීතයක වටිනා මුල් අයිතිකාරයො ඉද්දි ඒ ගීතයට හැමවිදියකින්ම සාදාරනෙ ඉශ්ට කරනවා red_heartsmiling_face_with_smiling_eyes,10
592,මුල් නිර්මාණයට ප්රණාමයනිහතමානී කලාකරුවනි ඔබට ප්රණාමයudred_heartred_heartred_heartud,10
593,මාරම ලස්සනයි smiling_face_with_heartsred_heart,9
594,අනේ සෝන්ග් එකේ ලස්සනතව තිබ්බ නම් කියල හිතුනාpleading_facered_heartpleading_facered_heart,10
595,මේක අහන්න ගත්තහම නවත්තන්න බැ  red_heartred_heartthumbs_upthumbs_up,10
596,කොච්චර ඇහුවත් එපා වෙන්නේ නෑහරිම ලස්සනයි red_heartsmiling_face_with_heartsmusical_notes,10
597,ෂා සුපිරීම තමයි හරිම ආදරණියයි red_heartred_heart,10
598,මුල් ගායකයා ඇත්තටම ගොඩක් නිහතමානී කෙනෙක්  ලස්සනයි නංගි සිංදුවred_heart,10
599,මෙක එනකල් මග බලන් හිටියේ ෆ්ට් වොයිස් එකක් red_heartred_heartred_heartred_heartred_heartred_heartred_heart,10
600,ලස්සනයි red_heart,9
601,ජය වේවා නංගි  red_heart,10
602,කියන්න වචන නෑ සුභ පතනවා හැමෝටම heart_suit,10
603,නියමයි නිහතමානී කලාකරුවෙක්ලස්සනයි  හැමදේමheart_suitcherry_blossomheart_suitcherry_blossom,10
604,වාව් වැඩේ සුපිරි  red_heartred_heartface_blowing_a_kiss,10
605,අම්මට සිරි වර්දන ගැම්මක් අක්කෙඑලඑල පට්ටred_heartred_heart,10
606,ජයවේවා red_heartred_heart,10
607,ගිම්හානයේ පාවෙලාred_heartcrying_face,10
608, ලස්සන වැඩක්red_heartred_heartred_heart,10
609,මේක නම් කටහඩක් නෙමෙයි භාවනාවක්පිස්සුවක්pleading_face_handpleading_facered_heartmusical_notesperson_getting_massage,10
610,ජය වේවා folded_handsred_heartpleading_face,10
611,පිස්සුවක් red_heart,10
612,ලස්සනයි smiling_face_with_hearts,9
613,පිස්සු හැදෙන වොයිස් එකක් ආසම සිංදුව ක් වෙනස්ම රහකින්red_heartred_heart,10
614,මේ නංගිට ලස්සනට සින්දුව කියන්න පුලුවන් ඒ වෙනුවෙන් මේ දෙන සහයෝගය ගොඩක් වටිනවාඅගය කර යුතුයිred_heartred_heartred_heart,10
615,හරිම ලස්සනයි අක්කියෝ අදරේයි හොදේ  red_heartred_heartsmiling_face_with_smiling_eyessmiling_face_with_smiling_eyesred_heartred_heartclapping_handsclapping_handsfolded_hands,9
616,ජයවේවා red_heart,10
617,හරිම ආදරණීයයි ඒ නංගිගෙ අනාගතේ ජයම වෙන්න ඕනි ඒ වගේම රදීශ්ගෙ හඩ පොඩි කාලෙ ඉදලම ආස හඩක් තරු කුමරා සෝ සුසුම් මාරුතේ තනිකරම පිස්සුවක් රදිශ්ලා ආයි ලංකාවේ නෑ ඔයා විතරයි හැමෝටම ජයred_heartred_heartfire,10
618,ලස්සනයි ළමයෝ smiling_face_with_hearteyes,9
619,හරිම ලස්සනයි  එනකම් බලං හිටියෙ  සමන්ත අංකල්රදීෂ් අයියාජෙනී අක්කා ගුඩ් ලක්  හරිම නිහතමානී ඔයාලාseenoevil_monkeysparklesseenoevil_monkeysparkling_heart,10
620,පුරුදු කටහඬ අන්තිමට ඇහෙද්දි  මාරම ලස්සනයි red_heartred_heartred_heartred_heart,9
621,සුපිරි red_heartred_heartred_heart,10
622,මේක නම් ඉතින් අනිවා සුපිරියක්starstruckvictory_hand,10
623,රදිශ් වැන්දබොනා වැඩක් කළොත් සුපිරිම තමාසුබ වෙවා_hand_hand_hand_hand,10
624,ලස්සන නිර්මාණයක් ඉස්කෝලේ කාලෙ ඉඳන් අදටත් ආසාවෙන් රස විඳිනgrowing_heart,10
625,සමන්ත මාමා  නිහතමානී කලාකරුවෙක්pleading_facepleading_facefolded_handsfolded_handsheart_suitheart_suitsmiling_face_with_heartssmiling_face_with_heartsheart_suit,10
626,කාලෙකට පස්සෙ ආපහු ඒ කටහඬ අහන්න ලැබුනා  නියමයිfull_moon_facetwo_hearts,10
627,මේ එකමුතුව නම් පට්ට red_heart,10
628,හරිම ලස්සනයි red_heartred_heartred_heartred_heartred_heart,9
629,ආසම ආසම smiling_face_with_hearteyessmiling_face_with_hearteyesred_heart,10
630,ලස්සන වැඩක් red_heartred_heartred_heartred_heartred_heartred_heart,10
631,එ දේන්නා එකතූ උනා කියන්නේ සුපිරියක් තමා  සුපිරී  මේ සිංදුවේ අද තමා හොදටම වින්දේ party_popperred_heartsmiling_face_with_smiling_eyesred_heart,10
632,නිහතමානි කලාකරුවෝ red_heart,10
633,නියම වැඩක් බුදු සරණයි red_heartthumbs_up,10
634,අනේ ඒ ගායකයගෙ නම මොකද්ද කිසිම කලබලයක් නැති නිවිච්ච කටහඩක් තියෙන්නෙpleading_facered_heart,10
635,ආදරේයි රදිෂ් අයියා සමන්ත අයියා red_heart,10
636,හරිම හරිම ලස්සනයිසුභ පතනවා හැමෝටමසින්දු කොටසක් අහලා සම්පූර්ණ වීඩියෝව එනකන් මෙහෙම බලන් හිටියමයිpurple_heartpurple_heartpurple_heartpurple_hearttwo_hearts,10
637,ඒකනම් සුපිරියි red_heart,10
638,මුල ගායකයා පට්ට නිහතමානි ඔබට තව තවත් හරියාවි red_heartparty_popper,10
639,මියුසික් දැම්ම දෑතට බුදුසරණයි victory_handheart_suit,10
640,ඒක නම් මරු red_heart,10
641,සුපිරියක්ම තමා එකනම් සමන්ත අයියාගේ වර්ස් එකත් මරු අවුරුදු ගානකට පස්සේ උනත් red_heartred_heart,10
642,චුට්ටි කෙල්ලෙක් වුනාට හරි ලස්සන කටහඬක් ජයම වෙන්න ඕනred_heart,10
643,අනේ red_heart,10
644,කියන්න දෙයක් නැ පට්ටred_heart,10
645,ආදරේ හිතෙන කටහඩක්  red_heartsmiling_face_with_hearteyes,10
646,කියලාම වැඩක් නෑ අයියේ සුපිරිම දක්ෂයි ගොඩාක් දක්ෂයි red_heart,10
647,සුපිරියක් තමා ඉතින්hundred_pointsstarsparkling_heart,10
648,ඇබ්බැහිවන සුළුයි warningred_heart,10
649,හෑන්ඩ්ස්ෆ්රී එක දාන් අහන්නකො සුපිරි udred_heart,10
650,නිහතමානී කලාකරුවෙක්  ඒ සින්දුව පිස්සුවෙන් වගේ ඇහුවා ඉස්සරred_heartsmiling_face_with_heartsred_heartsmiling_face_with_hearteyes,10
651,ආසාවෙන් බලන් හිටියේහරිම ලස්සනයි smiling_face_with_hearteyes,10
652,ජය වේවා අයියේ වොයිස් දෙකම සුපර් නංගීයෝ ගොඩාක් දුර ගමනක් තියෙනෝ යන්න ඔයාටපරිස්සමෙන් ඒ ගමන යං සුභ පැතුම් smiling_face_with_smiling_eyessmiling_face_with_smiling_eyesbouquetbouquet,10
653,ගම්පොලට ආඩම්බරයක් red_heart,10
654,නිහතමානී කලාකරුවෙක්upsidedown_face,10
655,මාරම ලස්සනයිred_heart,9
656,ඒකනම් භාවනාවක්face_with_open_mouthred_heart,10
657,මේකේ  මුල්  ගායකයට  ආචාර කරන්න ඔන්නේ  මේ  සින්දුව  මේ විදිය  කියන්න දුනාට red_heartred_heartred_heart,10
658,ගොඩක් ලස්සනයි red_heartparty_popperred_heartblue_heartcherry_blossom,9
659,රදීශ් නම ගෑවුනත් ඒක භාවනාවක්ඒ වගේම කෝණාර අයියා මම දැකපු නිහතමානීම ගායකයා red_heart,10
660,එනකන් තමයි බලන් හිටියේ දින red_heartdizzy,10
661, ඒක red_heartyellow_heartgreen_heartsign_of_the_horns,10
662,මාරම ලස්සනයි red_heartred_heartred_heartred_heart,9
663,වාව් party_popperred_heartsmiling_face_with_smiling_eyes,10
664,අන්තිමට රදීශ් අයියගෙ ලා පාර්ට් එකේ ෆීලින් එක නම් කියලා වැඩක් නෑ red_heartred_heartred_heartred_heart,10
665,මාරම ලස්සන නිර්මාණයක් thumbs_upred_heartred_heartsmiling_face_with_hearteyes,10
666,සුපිරි ඉතින් ආයෙ කියන්න දෙයක් නැ මේක එනකන් ආසවෙන් හිටියෙ red_heartred_heartred_heart,10
667,හරිම හොද ගායකයෙක් red_heartred_heart,10
668,සින්දුවත් ලස්සනයි  විශුවල් එකත් ලස්සනයි  ලස්සන වැඩක්red_heartred_heartsmiling_face_with_hearteyes_hand,9
669,සමන්ත අයියා ඔයා හරිම දක්ශ නිහමානී ගායකයෙක් ජෙනී නංගියෝ ඔයා හරිම දක්ෂයි ඔයාට ජයම වේවා  සමන්ත අයියා වගේම නිහතමානී කලාකාරිනියක් වෙන්න හදවතින්ම සුභ පතනවාred_heartred_heartfirered_heartred_heart,10
670,සුපිරියක් red_heart,10
671,වොයිස් එකsmiling_face_with_hearteyessmiling_face_with_hearteyessmiling_face_with_hearteyesred_heartred_heartred_heartred_heart,10
672,ඒක මරුred_heart,10
673,අවසනෙට රදීශ්ගෙ ටෝන් එක නම් මාරම ගතිsmiling_face_with_hearteyes,10
674,ඒක මාරම ලස්සනයි  කොහෙද මේ ලොකේශන්smiling_face_with_hearteyes,9
675,සංසාරේ හුරු හිංඳයි ඒ වර්ස් එක ඒ මුල් ගායකයගෙන් අහන්න තිබුනනම් නියමයිඒ වොයිස් එක මාර ෆීලීන්ග්ස් දෙන එකක්red_heart,10
676,සමන්ත අයියා ආව තැන ඉදලා වෙනම සීන් එක්කට ගිය අය කෝ බලන්නcrying_facecrying_face,10
677,ලස්සනයි ගොඩක් smiling_face_with_heartssmiling_face_with_heartssmiling_face_with_hearts,9
678,ආසාවෙන් බලන් හිටිය සින්දුවක්  මෙවැනි නිහතමානී ගායකයෝ මේ ලෝකෙට බිහි වෙන්න ඕනි  කිසිම අඩු පාඩුවක් නෑ ලස්සනටම කරලා තියෙනවා මේ සින්දුව red_heartred_heartface_blowing_a_kissred_heart,10
679,මුල් ගායකයා නම් හරිම ආදරනීය කෙනෙක් වෙන්න ඕන ඒ නංගිට මේ වගේ ආදරනීය උදව්වක් කලේහරිම ලස්සනයිදෙන්නගෙම කටහඩ මාර මැචින්සංගීතය රූප රාමු හැමදේම ලස්සනයිred_heart,10
680, ලස්සන red_heartred_heart,10
681,මෙ ගැණු ළමයාගේ වොයිස් එක මරු  සාමාන්ය විදියට අහගෙන අවා අන්තිම ටික සමන්ත අයියාගේ හඩින් කියද්දිම ඒක පපුවටම දැනුනා මෙ සිංදුව ආපු මුල් කාලේට ගියා කොහොම උනත් වැඩේ මරු ලස්සනයි udfire,10
682,ඊරිසියාවක්  කුහක කමක් නැති නියම කලා කරුවෝ දෙන්නෙක් ඔයාල දෙන්න වෙන මිනිස්සු නම් අර කෙල්ලට කොපිරයිට් කරල නඩුත් දාලා ඒ අතින් ඔයාලා රෙස්පෙක්ට් කලා කරුවෝ ජය වේවා ඔයාලටත් ඒ පොඩි නංගිටත් red_heartred_heartred_heart,10
683,කියන්න වචන නෑ භාවනාවක් red_heart,10
684,දක්ෂයාට තැන දෙන්න ඕනා අනිවාරෙන් ම කිසි ම කුහකත්වයක් නැතුව  මුල් ගායනකරුට තුති relieved_facefolded_handsheart_with_ribbon,10
685,මර ලස්සනයි   සුපිරිred_heartred_heartred_heartred_heartred_heartred_heart,9
686,ඇත්තටම පුදුම ලස්සනයි  red_heartred_heartred_heartred_heart,9
687,මෙකනම් පිස්සුවක් smiling_face_with_hearteyesred_heart,10
688,හරිම ලස්සනයී ජය වෙවා red_heartred_heart,9
689,ලස්සන වැඩක්red_heartred_heartred_heartsign_of_the_horns,10
690,ලස්සන වැඩක්growing_heart,10
691,මාරම ලස්සනයසුපිරියක්red_heartparty_popper,10
692,මම ආසම සින්දුව  රදීශ් අයියගෙ ඒවත් අහනවාහරි ලස්සනයි red_heartred_heartred_heartred_heartsmiling_face_with_smiling_eyes,10
693,ඒක red_heart,10
694,නියමයී red_heart_handfire,10
695,සුපිරි red_heart,10
696,අනේ ඇත්තටම ඒ කටහඩ ගොඩක් ලස්සනයි pleading_facered_heart,10
697,දෙන්නම ගොඩක් ලස්සනයි red_heartred_heartred_heart,10
698,එනකම් බලාගෙන හිටියෙred_heart,10
699,ලස්සනයි  ආයෙමත් ඒ කාලේට ගියා red_heartface_blowing_a_kisssmiling_face_with_hearteyesloudly_crying_face,10
700,රදීෂ් අයියාred_heart,10
701,ගොඩක් ලස්සනයි face_blowing_a_kissred_heart,9
702,සුපිරි වැඩක් red_heart,10
703,නිහතමානී කලාකරුවෙක් ඇත්තටම ගොඩාරියක් ලස්සනයී හැමෝටම සුබ පතනවාred_heartred_heartred_heartred_heart,10
704,තවත් කාංචනා කෙනෙක් දෙන්නගෙම එකම වොයිස් red_heartface_with_open_mouth,10
705,මුල් අයිති කරුට ප්රණාමය  නඩුදාලා මිනිසුන්ට අපහස කරන අය අතර ඔබ වැනි අය හැමදාම බැබලෙන්න ඕනේudred_heart,10
706,පිස්සුවක් ඒකනම්red_heartsmiling_face_with_hearts,10
707,අම්මෝ face_with_open_mouth,10
708,නිහතමානී සොදුරු ගායකයාගේ සිංදුව තවත් ලස්සන කටහඩකින්අපූරුයි smiling_face_with_hearteyessmiling_face_with_hearteyesred_heartred_heart,10
709,අනේහ් එයාගේ ලස්සන කටහඬ හැමදේම මාර ලස්සනක් smiling_face_with_hearteyessmiling_face_with_hearteyessmiling_face_with_hearteyes,10
710,සුපිරියක් red_heartfire_hand,10
711,අම්මෝ සමන්ත අයියගෙ වොයිස් එකsmiling_face_with_hearteyes,10
712,ලස්සන වැඩක්red_heart,10
713,ලස්සනයි අක්කේred_heart,9
714,ඇත්තටම මාරම ලස්සනයි ඒ කටහඩ red_heart,10
715,අනේ හරිම ලස්සනයි  වෙනිදා වෙනකන් බලන් හිටියේ face_holding_back_tearsred_heart,10
716,මුල් ගායකයවත් එකතු කරගත්ත එක හරිම වටිනවාred_heart,10
717,නියමයි නියමයි අක්කේ ඔබගේ ඉදිරිගමනට මගේ හදවතින්ම සුභ පැතුමි ඉදිරියටම යන්න ඔබට ජයවෙි පරිසමෙින් සතුටින් ඉන්න බුදු සරණයි folded_handssmiling_face_with_hearts,10
718,ගොඩක් ලස්සනයි හිත නිවන කට හඩක් හැමෝටම සුභ පතනවා බුදු සරණයිparty_popperbouquetbouquet,10
719,හරිම ලස්සනයි ඒකනම්smiling_face_with_hearteyes,9
720,මාරම ලස්සනයි red_heartred_heartred_heartred_heartred_heartred_heartsmiling_face_with_hearteyessmiling_face_with_hearteyessmiling_face_with_hearteyessmiling_face_with_hearteyessmiling_face_with_hearteyessmiling_face_with_hearteyessmiling_face_with_hearteyessmiling_face_with_hearteyessmiling_face_with_hearteyessmiling_face_with_hearteyessmiling_face_with_hearteyessmiling_face_with_hearteyessmiling_face_with_hearteyessmiling_face_with_hearteyessmiling_face_with_hearteyessmiling_face_with_hearteyes,9
721,ඒක මරු thumbs_upred_heart,10
722,මත් වෙනෝ crying_face,10
723,මාරම ලස්සනයිred_heartred_heartred_heart,9
724,හරිම ලස්සනයි ඒ කටහඩ නියමයිගීතයේ මුල් හිම්කරුගෙ නිහතමානීකමට ගරු කරනවාorange_heart,10
725,විය උතු දේ වෙමින් පවතිනවාred_heart,10
726,ඒක මරු collisionheart_suit,10
727,වාව් කියන්න වචන නෑ පුදුම පුදුම ලස්සනක් අනේred_heartred_heartred_heartred_heartred_heart,10
728,පුදුම ලස්සනක් තියෙන්නේred_heart,10
729,ගොඩක් ලස්සනයි red_heart,9
730,හරිම ලස්සනයි smiling_face_with_heartsred_heart,9
731,අනේ හරිම ලස්න්නයි නංගි නිහතමානි මුල් හිමිකරුවන් smiling_face_with_hearteyes,10
732,ලස්සන වැඩක්red_heartfire,10
733, ඉතාම ලස්සනයිසුබ පැතුම් නංගිඒවගේම මුල් ගයකයත් හරිම නිහතමානීඔබතුටත් බොහොම පින් මේවගේ දක්ෂයෙක් ඉස්සරහට අරන් යන එකටred_heartred_heartred_heart,10
734,හරිම ලස්සන වැඩක්red_heartsunflower,10
735,අම්මෝ ඒකනම් මාරම ලස්සනයිඑනකන් ඉවසිල්ලක් නැතුව හිටියේsmiling_face_with_hearteyessmiling_face_with_hearteyes,10
736,හිතට දැනෙන ගයනයක්red_heartred_heartred_heart,10
737, ගිම්හානයේ පාවෙලාpleading_facered_heartbutterflyleaf_fluttering_in_windsmiling_face_with_hearteyessmiling_face_with_hearts,10
738,හරීම ලස්සනයි smiling_face_with_hearts,9
739,අනෙ හරිම ලස්සනයී තමන්ගේ සින්දුවක් කියන්නවත් දෙන්නේ නැති රටක මේ වගේ දෙයක් බලන්න ලැබෙන එකත් සතුටුයිred_heartred_heart,10
740,සුපිරි red_heart,10
741,කටහඩකට පුලුවන්ද මෙච්චර දුරක් ගෙනියන්න  ඇයි බැරි  red_heartsmiling_face_with_smiling_eyesred_heartparty_popper,10
742,ලස්සනයි red_heart,9
743,භාවනාවක් white_heartdizzy,10
744,හැම ගායකයම මේ වගේ නිහතමානී උනානම් පිපෙන්නට වෙර දරන ලස්සන මල් කැකුලු ටිකක් අපිට දායාද වේවිred_heartred_heartred_heart,10
745,ඒක නම් හිත නිවන භාවනාවක්  red_heartred_heartred_heart,10
746,හරිම ලස්සනයි එ වයසට එයාගෙ දක්ෂතාවය red_hearthundred_points,10
747,ලස්සනයි  අනාගතේ දවසක සශිකා කාන්චි වගේ නිහතමානී  දක්ශ ගායිකාවක් වෙන්න කියලා පාර්තනා කරනවා smiling_face_with_hearteyesyellow_heartyellow_heartyellow_heartwilted_flowersmiling_face_with_open_hands,10
748,අපූරුයි smiling_face_with_hearteyes,7
749,සුපිරී pleading_facered_heartumbrella_with_rain_drops,10
750,ඒකනම් සුපිරියක් smiling_face_with_hearteyespleading_facered_heart,10
751,තවත් යොහානි කෙනෙක් අපට ඉන්නවා නේත red_heartjackolanterncheck_mark_button,10
752,කවර් එකක් ඇති කිව්වා ජෙනියට ගොඩ යන්න විවිධ අයඑහෙම කවර් කවර් කරන්න ඕන නෑ ජෙනියට ගොඩ යන්න ජෙනි ඇවිල්ලා නිව් ජෙනිරේෂන් කෙල්ලෙක් එයා ගොඩ ගිහිල්ලා ඉවරයිකෝණාර රදීෂ් ඔයාලා දෙන්නා එකතුවෙලා මේ කරපු වැඩේ සුපිරි හැබැයි කෝණාර අයියට වොයිස් නොකර ඉන්න තිබ්බේ මං කිව්වේ මගේ මතයගැටලුවක් නෑ එහෙම කරානම් හොදයී කියලා හිතෙනවා කොහොම නමුත් සියලු දෙනාට සුභ ප්රාර්ථනා කරනවා udheart_with_ribbon,10
753,නියම වොයිස් එකක් red_heartred_heartred_heartred_heart,10
754,හරිම  ලස්සනයි red_heart,9
755,සුපිරි ප්red_heartthumbs_up,10
756,එකනම් මරු red_heart,10
757,ගොඩක් ලස්සන නිර්මාණයක්  ජය වේවා අයියෙ red_heartparty_popper,10
758,ඒක සුපිරි එනකන් බලාගෙන හිටියෙ red_heartred_heartred_heartred_heart,10
759,සුපිරි red_heartred_heartred_heartred_heartsmiling_face_with_hearts,10
760,මාර ලස්සනයි කටහඬ අහන් ඉන්න ආසයි red_heartsmiling_face_with_hearteyes,10
761,රදිශ් කියන්නේ වෙනම රහක්smiling_face_with_hearteyessmiling_face_with_hearteyessmiling_face_with_hearteyessmiling_face_with_hearteyessparkling_heart,10
762,ලස්සනයි ජයවේවා red_heart,10
763,සින්දුවේ අයිතිකරයා නම් මරු red_heart,10
764,ඇත්තටම සුපිරිම සුපිරි සින්දුව ලස්සනටම කියල තියෙනව දෙන්නටම සුබපතනවාමුල් ගයක සමන්ත කෝනාර සහෝදරයාගේ නිහතමානීකම අගයන්න වටිනවred_heartred_heartred_heartred_heartred_heartsmiling_face_with_smiling_eyessmiling_face_with_smiling_eyes,10
765,ඔබ මාගෙ සිහිනේ රැඳිලා ළඳුනේ red_heartpleading_face,10
766,හරිම ලස්සනයි red_heart,9
767,හරිම ලස්සනයිheart_suit,9
768,පෙර පිනට ලැබුන ලස්සන කටහඩක්kissing_face_with_smiling_eyeskissing_face_with_smiling_eyes,10
769,මාර ලස්සනයිසුපිරි ගායනයක්smiling_cat_with_hearteyessparkling_heart,9
770,ගිම්හානයේ පාවෙලා ඈත රන් මාලිගාred_heartred_heart,10
771,ජෙනීගෙ වොයිස් එක ඇහිලා සමන්ත අයියගෙ වොයිස් එක ඇහුන ගමන් අවුරුදු ගානක් අතීතෙට විසි වෙලා ගියා වගේ එකපාරටupleading_facered_heart,10
772,මාරම ලස්සනයි red_heartred_heart,9
773,රදීශ් වැන්දබෝනාred_heartred_heartred_heartred_heartred_heart,10
774,හරිම ලස්සනයි මේ සිංදුවred_heartred_heartred_heartred_heartred_heart,9
775,සුපිරිම මියුසික් සහ මෙලඩි එකක්  වොයිස් එකයි වීඩියෝ එකයි එක්ක අංගසම්පූර්ණ සුපිරිම සිංදුවක් sparkling_heartsparkling_heartsparkling_heart,10
776,ඒ කටහඬ නම් භාවනාවක් නව පරපුරේ හොද ගායිකාවක් වෙන්න කියලා හදවතින්ම සුබ පතන අය මේ පැත්තටpleading_facered_heartblossom,10
777,මුල් ගායකයා ගොඩක් නිහතමානී නැත්නම් තමන්ගෙ ගීතය වෙන කෙනෙක් කියනකොට මේ වගේ සතුටු වෙයිද ලස්සනයි ගොඩක් ඒ ගායකයගෙ කටහඩred_heartred_heartred_heart,10
778,අම්මො මරු අයියේ  වැස්සෙම වැඩේ දීල ලස්සනට full_moon_facered_heartred_heart,10
779,හරි කැතයි unamused_faceunamused_faceface_vomitingface_vomiting,10
780,හදවතට දැනුන ලස්සනම සින්දුවක්red_heart,10
781,මාරම ලස්සනයි musical_notesparkling_heartwoman_fairy,9
782,කියලාම වැඩක් නෑ සුපිරිම සුපිරිම තමයි අයියේ red_heartred_heartred_heart,10
783,ජයවේවා red_heart,10
784,මුල් කලාකරුවාට ප්රෙනාමය udbeating_heartdizzy,10
785,ගොඩක් ලස්සනයි   ජයම වේවා smiling_face_with_heartsred_heartsmiling_face_with_hearts,10
786,එනකන් හිටියේලස්සනයි එකpleading_facesmiling_face_with_hearts,9
787,සමන්ත කෝනාර සර්ව දැක්කෙ ගොඩක් කාලෙකින් green_heartsmiling_face_with_hearteyes,10
788,හරිම ලස්සනයිpleading_facered_heart,9
789,රසයි red_heartred_heartred_heart,10
790,ගොඩක් ලස්සනයි එ කට හඩ බුදු සරණයිred_heartfolded_hands,10
791,ඔබ මාගේ සිහිනෙන් මිදිලා ලඳුනේ red_heart,10
792,සුපිරි red_heartred_heartred_heart,10
793,ලස්සනයි pleading_facered_heartface_blowing_a_kissface_blowing_a_kissface_blowing_a_kiss,9
794,පට්ට red_heart,10
795,හරිම ලස්සන වැඩක් ඒකred_heartpleading_facepleading_face,10
796,නියමයි එනකල් බලන් හිටියෙ red_heart,10
797,සුපිරි smiling_face_with_hearteyes,7
798,හරිම ලස්සනයි රදීශ් අයියා ගීතය ඒ ගීතය නංගිත්  හරිම අපූරුවට ගයනා කරලා වීඩියෝ එකත් ලස්සනම ලස්සනයි _handred_heart,9
799,සුභ පතනවා ඉදිරියටම යන්න කියලා හරිම ලස්සනයි red_heartfolded_handssmiling_face_with_halo,10
800,පිස්සුවක් red_heart,10
801,සුපිරි red_heartred_heartred_heart,10
802,මගේ වගේ ඒ වොයිස් එකට මුලු ඇගම හිරි වැටිල ගිය අය තව සිටීද red_heartpleading_face,10
803,ආසාවෙන් බලන් හිටියා මේක එනකම් pleading_facered_heart,10
804,මාරම ලස්සනයි ඒ වොයිස් එකදෙන්නම කියන නිසා ගොඩක්ම ලස්සනයි සුභ පතනවා ඒ දෙන්නටමred_heart,9
805,මරු red_heart,10
806,වැඩේ නම් ලස්සනයි  ඒත් මීට අවුරුදු ට කලින් හැදුන මුල් ගීතය තමා වඩාත්ම ලස්සන මට නම් smiling_face_with_hearteyes,10
807,ගොඩක් ලස්සනයි සින්දුව නියමයි red_heartred_heartparty_popperparty_popper,9
808,අම්මෝ ඒක භාවනාවක්red_heartsmiling_face_with_smiling_eyes,10
809,මුල් නිර්මාණයට ප්රණාමයudred_heartred_heartred_heart,10
810,හදිස්සී ඉක්මනින් දාන්ඩෝheart_suitrelieved_face,10
811,හදිස්සී ඉක්මනින් දාන්ඩෝheart_suitrelieved_face,10
812,හදිස්සී යකෝ ඉක්මනට දාහන් ඕක red_heartkissing_face_with_smiling_eyes,10
